subset_index,mean_total,std_total,iqr_total,range_total
0,23.34,3.90343024489585,5.0,17
1,32.85,2.591263488078058,3.0,14
2,9.08,3.0770574951214074,4.0,16
3,39.53,6.4376653651409494,9.25,34
4,38.62,3.7030699794531654,5.0,15
5,14.67,2.9061238025169467,5.0,13
6,29.67,5.393701901479187,7.25,24
