subset_index,mean_metric,std_metric,iqr,range_metric
0,0.9236361059546471,0.0038872144177385082,0.004284174740314506,0.02225001454353337
1,0.9210966092944145,0.003948172634336877,0.004973480105400108,0.0182137012481689
2,0.9262487406134605,0.003680264306743984,0.004929047822952337,0.01750215291976931
3,0.9170362593531608,0.0036807098777440236,0.005565394461154893,0.01667331457138066
4,0.9210707398056983,0.004224281604570477,0.005104653537273407,0.019251197576522827
5,0.9248841803073883,0.004059078299757922,0.004778087139129528,0.017365700006484963
6,0.9119027805924415,0.002795426031349836,0.00449235886335364,0.011352318525314375
