subset_index,mean_metric,std_metric,iqr,range_metric
0,2.334,0.3903430244895851,0.5,1.7
1,3.285,0.2591263488078058,0.2999999999999998,1.4
2,0.9079999999999999,0.30770574951214064,0.40000000000000013,1.5999999999999999
3,3.9530000000000003,0.6437665365140948,0.9250000000000003,3.4
4,3.862,0.3703069979453167,0.49999999999999956,1.4999999999999996
5,1.4669999999999999,0.2906123802516946,0.5,1.3000000000000003
6,2.967,0.5393701901479188,0.7249999999999996,2.4000000000000004
