subset_index,mean_metric,std_metric,iqr,range_metric
0,0.6209997402072377,0.055188253464813854,0.07829495208092796,0.28874257728111713
1,0.5772540338786409,0.05225649217069549,0.07118765890757894,0.2582183375940627
2,0.7725448646633842,0.04541167778012701,0.060613333441652095,0.18769785464042266
3,0.5800759755124784,0.04281299374227945,0.050157117842495325,0.22842625342378536
4,0.7245720891920991,0.0324840887484755,0.02912748232597495,0.1705267876450498
5,0.6448591166483074,0.05619399221448478,0.08323818034625396,0.27292249404430086
6,0.6123029724867489,0.04380316568227657,0.06034415509342772,0.21393427401220766
