subset_index,mean_metric,std_metric,iqr,range_metric
0,0.8547389519810676,0.0003114289361470085,0.0003811135888098782,0.00173872709274292
1,0.8211069070100784,0.00041130465174833323,0.0005801409482956155,0.0021019458770751287
