subset_index,mean_metric,std_metric,iqr,range_metric
0,0.5862217440833927,0.04777000900653719,0.058488232592188716,0.24887721427511666
1,0.5479061391887353,0.04044073613822957,0.05646554673489246,0.19257896243176292
