subset_index,mean_metric,std_metric,iqr,range_metric
0,7.223,0.5329269284912438,0.6999999999999993,2.1999999999999993
