subset_index,mean_metric,std_metric,iqr,range_metric
0,0.6456252281877148,0.032118912868307765,0.048106446489208365,0.1523374632010588
