subset_index,mean_metric,std_metric,iqr,range_metric
0,0.8943352670669555,0.0022613938102893725,0.003311663866043091,0.011840051412582375
