subset_index,mean_metric,std_metric,iqr,range_metric
0,0.9558276173472404,0.001560325438999002,0.0016878738999366316,0.009439313411712669
1,0.958524599313736,0.0010753775429758552,0.001216529309749692,0.006629687547683671
2,0.954551557123661,0.0018797463174845498,0.0023672565817833835,0.00983892679214482
3,0.9643772414922713,0.0008561493791105387,0.00125774145126345,0.004066377878189087
4,0.9577861815094948,0.0009091399201776971,0.001024667918682054,0.004734969139099099
5,0.960054906129837,0.0014750645567333319,0.001961328089237213,0.007610356807708718
