subset_index,mean_metric,std_metric,iqr,range_metric
0,0.54535722488611,0.033147734093771475,0.044370229076504564,0.16395135819906037
1,0.6757924256480321,0.0257427898042354,0.03646275252088582,0.10945536792201449
2,0.6042651704817728,0.04336169418330245,0.05275627355792489,0.2099914431569549
3,0.7448593609526293,0.025574090829635614,0.030571188777562486,0.13420158028566598
4,0.6687260696971307,0.036008382335895074,0.04146906584434862,0.19971874952217217
5,0.6106056697001911,0.03361312022850851,0.04518696572697656,0.16614955961634903
