subset_index,mean_total,std_total,iqr_total,range_total
0,155.85,5.401786086961697,8.0,29
1,173.98,6.076914421718385,8.25,35
2,170.09,6.530573009957385,10.0,29
3,134.58,5.603353973967358,8.25,29
4,180.34,4.100307946060303,5.25,21
5,149.27,5.837626126078887,8.0,26
