subset_index,mean_metric,std_metric,iqr,range_metric
0,17.785,0.3630329589623089,0.42499999999999716,1.7000000000000028
