subset_index,mean_metric,std_metric,iqr,range_metric
0,0.9417349922657013,0.001525774426685572,0.0019223690032957874,0.00782814621925354
