subset_index,mean_total,std_total,iqr_total,range_total
0,168.95,5.662877521029551,7.0,27
1,173.47,5.184387985855108,7.0,25
2,176.08,4.181923582334434,6.0,27
3,179.01,3.442148143003702,4.0,15
4,187.25,3.25165070744573,4.0,18
5,165.63,5.75712996679296,9.0,27
6,177.2,4.559372630952505,7.0,21
