subset_index,mean_metric,std_metric,iqr,range_metric
0,16.895,0.5662877521029556,0.6999999999999993,2.6999999999999993
1,17.347,0.5184387985855108,0.6999999999999993,2.5
2,17.608,0.4181923582334431,0.5999999999999979,2.6999999999999993
3,17.901,0.3442148143003707,0.40000000000000213,1.5
4,18.725,0.32516507074457257,0.3999999999999986,1.8000000000000007
5,16.563,0.5757129966792957,0.8999999999999986,2.700000000000001
6,17.72,0.45593726309525057,0.7000000000000028,2.1000000000000014
