subset_index,mean_metric,std_metric,iqr,range_metric
0,0.45333972926172694,0.03502073666974683,0.04841669890538586,0.18325551598417134
1,0.3983026170971297,0.042159946403444976,0.05604778289522294,0.22482167239789394
2,0.5777462027128594,0.0347736096243147,0.04573582955265998,0.1754782456156163
3,0.5711984699588066,0.036342858898681454,0.04958052813359215,0.19061663742843765
4,0.4983746180047071,0.02886159840029785,0.0371303189545692,0.1320696040985822
5,0.5239991019431505,0.0309773924427609,0.03495208201847422,0.1836601719258475
6,0.5133793507599609,0.030731421755435244,0.03650646842698596,0.16517724320693683
