subset_index,mean_metric,std_metric,iqr,range_metric
0,0.9626771509051324,0.0012282067306999794,0.001106782257556893,0.0062080860137939675
1,0.9594217211604118,0.001975994752517552,0.0020695477724075317,0.013531327247619629
2,0.9638176128864288,0.0008480484823506491,0.0009974420070648637,0.004665321111679166
3,0.9650848920941353,0.0007274184355740601,0.0009059414267539312,0.004066395759582564
4,0.9497768490910531,0.0021916192399339214,0.002658531069755554,0.013219070434570268
5,0.9651541370749473,0.0011077505699008646,0.0014317691326141135,0.005978208780288652
6,0.9523359338641167,0.0026453958908145675,0.0034379333257674727,0.017001688480377197
