subset_index,mean_metric,std_metric,iqr,range_metric
0,0.8995423074364662,0.0022367154119733047,0.003207887709140711,0.012060153484344527
