subset_index,mean_metric,std_metric,iqr,range_metric
0,13.203,0.811216196319894,1.1250000000000018,3.4000000000000004
