subset_index,mean_metric,std_metric,iqr,range_metric
0,0.41485654826449303,0.026665615300022573,0.03412573605789965,0.1272770009931325
