subset_index,mean_metric,std_metric,iqr,range_metric
0,17.049,0.774008978623568,0.9499999999999957,5.0
1,15.344000000000001,0.6265699474040385,0.8999999999999986,3.0
2,15.343,0.6781220354401524,0.9000000000000004,4.000000000000002
3,15.567,0.6939937123110499,0.8000000000000007,3.8999999999999986
4,14.741,0.659674697916107,0.8249999999999993,3.400000000000002
