subset_index,mean_metric,std_metric,iqr,range_metric
0,0.4695968710301714,0.033819544560127965,0.04324976578243761,0.18019879609849643
1,0.367930557814896,0.024576542185805815,0.0316716040043557,0.11322371397805586
2,0.30141149848020615,0.038909420728814134,0.04894114082274231,0.2014885887314825
3,0.3423843082612949,0.03445375771089974,0.04643916151854083,0.16993930637621274
4,0.31950042378275767,0.03605960637977817,0.05521963931502211,0.157730282072383
