subset_index,mean_total,std_total,iqr_total,range_total
0,170.49,7.740089786235681,9.5,50
1,153.44,6.265699474040383,9.0,30
2,153.43,6.781220354401519,9.0,40
3,155.67,6.939937123110504,8.0,39
4,147.41,6.59674697916107,8.25,34
