subset_index,mean_metric,std_metric,iqr,range_metric
0,0.8926358021497727,0.0025250820036471443,0.0036939382553100586,0.00962370038032534
1,0.8945560328960418,0.0021030145079493252,0.0020112618803979077,0.014139509201049782
2,0.8903052316904068,0.003169288063390599,0.003998257219791523,0.014432036876678489
3,0.8946820457577705,0.002283154449941108,0.0029155492782592107,0.010685795545578025
4,0.8856522303819656,0.006843740748792113,0.005788557231426239,0.049871236085891724
