subset_index,mean_metric,std_metric,iqr,range_metric
0,0.9184350011348724,0.004695522428274942,0.00595571696758268,0.02296875119209285
1,0.9137007827162742,0.0038862198119556297,0.005556663870811551,0.017826938629150413
2,0.9190827302932739,0.005776808320444498,0.008818690478801683,0.023674362897872947
3,0.9154374996423721,0.003633808688478561,0.004485622048377991,0.018915909528732233
4,0.9153239572048187,0.004047321794190873,0.006936986744403906,0.01824487447738643
5,0.9140937162637711,0.003975663262241551,0.005537357926368669,0.018946850299835227
6,0.9178359827399254,0.0034862965013077434,0.004483696818351812,0.015656352043151855
7,0.9164086480140686,0.003784000571662942,0.0057518512010574785,0.020367687940597512
