subset_index,mean_metric,std_metric,iqr,range_metric
0,0.7770297305144583,0.017182555981581568,0.02279673665748072,0.07167023718365984
1,0.7840427593596043,0.01713020266808324,0.01886979192496896,0.08508547246442133
2,0.8102561761744436,0.013889513989354759,0.01963267177334882,0.06732794046411761
3,0.7612135466083743,0.026731871593811764,0.042356877773992774,0.10676697045547978
4,0.7947346959419196,0.01397248854349135,0.015331152081305754,0.07216842174520843
5,0.7896542524106218,0.021468092220380534,0.026205749064497685,0.09570685625050113
6,0.794794733256767,0.01636896516941087,0.027560693025636795,0.07259640097620756
7,0.7893715570278512,0.019851851084744344,0.023730397969333183,0.10107625871918491
