subset_index,mean_metric,std_metric,iqr,range_metric
0,0.4739783402091872,0.006750651814847103,0.008815892040630435,0.030671510100215738
