subset_index,mean_metric,std_metric,iqr,range_metric
0,0.5522364763815262,0.04550738296908679,0.06401849687249639,0.2148494376055768
1,0.6103648446436793,0.04291989781450719,0.06189057305248802,0.23974160081691875
2,0.6249433568140139,0.029680779794569127,0.03777792752066944,0.1494496136882948
3,0.5535702783398601,0.022502171115833195,0.02608662983772292,0.1449296444802417
4,0.36867908355423235,0.03792948770368955,0.046956549762183775,0.18391269073167393
5,0.44070528202094666,0.02876551310331377,0.045639915761852834,0.12629924415964477
6,0.6794416911713802,0.035065517480355204,0.04895873144188245,0.17549905479095096
