subset_index,mean_metric,std_metric,iqr,range_metric
0,19.665,0.22355032425551838,0.3999999999999986,0.8000000000000007
1,19.962,0.09404490653110627,0.0,0.6000000000000014
2,19.954,0.10956295178590392,0.0,0.5
3,19.988,0.06240953048172587,0.0,0.5
4,20.0,0.0,0.0,0.0
5,19.747,0.24389722955757126,0.3999999999999986,0.8999999999999986
6,19.951,0.10683225783035409,0.0,0.5
