subset_index,mean_metric,std_metric,iqr,range_metric
0,0.946022053360939,0.0019294328034061376,0.00288436263799674,0.008229798078536965
1,0.9514974513649941,0.0015068719936326535,0.002153323590755374,0.00785784721374505
2,0.9475287266373634,0.019652652402120496,0.0014112293720245361,0.13291487023234372
3,0.9293615955114365,0.0018024775984139408,0.0024695828557015354,0.008211952447891191
4,0.9352237969040871,0.0016185654335650597,0.0018288195133209229,0.00869883298873908
5,0.9436022337675095,0.0022986634170311542,0.0027753502130508645,0.012738507986068681
6,0.9451948792934418,0.0017315268881930488,0.0023693233728410146,0.007895356416702248
