subset_index,mean_total,std_total,iqr_total,range_total
0,196.65,2.235503242555183,4.0,8
1,199.62,0.9404490653110585,0.0,6
2,199.54,1.0956295178590398,0.0,5
3,199.88,0.6240953048172598,0.0,5
4,200.0,0.0,0.0,0
5,197.47,2.4389722955757076,4.0,9
6,199.51,1.06832257830354,0.0,5
