subset_index,mean_metric,std_metric,iqr,range_metric
0,0.90134696239233,3.412892764838945e-05,0.0,0.0001625478267670566
1,0.8945724801421165,0.00019731117344873005,0.00029328465461719855,0.0008678555488587092
2,0.9262848098874091,0.0002623592547895131,0.00014407038688657448,0.002253097295761175
3,0.8116673606125463,0.0002745198884345794,0.0,0.0029643597011865808
