subset_index,mean_metric,std_metric,iqr,range_metric
0,0.7721072249209235,0.009434720313108552,0.01110106408610112,0.06068079174461982
1,0.7183946868810751,0.017277584648506917,0.016864937548040637,0.0938275039343488
2,0.774133364998285,0.02092415693855946,0.017757429179515727,0.10634180833109885
3,0.6744394418374468,0.03855518562543388,0.05642132609646011,0.14313400089605433
