subset_index,mean_metric,std_metric,iqr,range_metric
0,0.742,0.33399328608748285,0.4,2.2
1,0.8109999999999999,0.3317827572068777,0.30000000000000004,1.5999999999999999
2,0.63,0.33166247903553986,0.42500000000000004,1.7
3,0.94,0.3327267207590498,0.40000000000000013,1.5
4,0.8490000000000001,0.37213416718145936,0.5000000000000001,1.7
5,0.743,0.4708159691086071,0.525,2.3000000000000003
6,0.46299999999999997,0.1744573114986974,0.3,0.6000000000000001
7,0.665,0.29623052721238113,0.30000000000000004,1.6
