subset_index,mean_total,std_total,iqr_total,range_total
0,7.42,3.339932860874828,4.0,22
1,8.11,3.3178275720687775,3.0,16
2,6.3,3.3166247903554003,4.25,17
3,9.4,3.3272672075904977,4.0,15
4,8.49,3.721341671814593,5.0,17
5,7.43,4.708159691086071,5.25,23
6,4.63,1.744573114986974,3.0,6
7,6.65,2.962305272123811,3.0,16
