subset_index,mean_total,std_total,iqr_total,range_total
0,65.42,6.97496243789893,9.25,33
1,46.47,5.0019289208557245,7.25,21
2,52.67,7.176075571373298,6.0,44
3,81.69,6.319274667494073,9.0,31
4,82.94,6.619255657137397,9.0,35
5,67.74,5.000242418365759,6.25,26
6,62.63,5.818214172889837,9.0,28
