subset_index,mean_metric,std_metric,iqr,range_metric
0,0.9079324561953545,0.0019568214664554954,0.0025998696684836897,0.008675390481948875
1,0.9084099589586258,0.002164265828413478,0.0032209768891335866,0.009164685010909945
2,0.9057876504734159,0.018832420039958903,0.002048100531101271,0.1298465322703124
3,0.8989362017512321,0.001671465406043103,0.002457584440708094,0.008483761548995994
4,0.9061776993870736,0.0015362732590087184,0.0018249496817589472,0.006364667415618919
5,0.9072620415091515,0.0029622437193201783,0.004307667911052637,0.01495505571365352
6,0.908026153922081,0.0022870544111055113,0.003278960287570909,0.00994364023208616
