subset_index,mean_metric,std_metric,iqr,range_metric
0,0.5431337315753529,0.048590605609487136,0.07509415074691517,0.24419187561322037
1,0.6004452983353084,0.04142619843070051,0.0603700278760525,0.20880604647510353
2,0.6142858471362327,0.031630576273579,0.04172372371076638,0.17977118488370458
3,0.5498807509968253,0.024403507443088245,0.02701322380694393,0.17144515962680767
4,0.36977790983495146,0.03826400441960745,0.04777648430413067,0.1886754795926302
5,0.4433166599152585,0.0325375850689481,0.0494321018470788,0.1348745018226003
6,0.6747878819615614,0.03412194041339191,0.050962413848337995,0.17116514742517897
