subset_index,mean_metric,std_metric,iqr,range_metric
0,6.542000000000001,0.6974962437898932,0.9250000000000007,3.3
1,4.647,0.5001928920855726,0.7250000000000005,2.1000000000000005
2,5.267,0.7176075571373298,0.6000000000000005,4.3999999999999995
3,8.169,0.631927466749407,0.8999999999999995,3.1000000000000005
4,8.294,0.6619255657137398,0.8999999999999995,3.5
5,6.774,0.5000242418365757,0.625,2.6000000000000005
6,6.263,0.5818214172889837,0.9000000000000004,2.8
