subset_index,mean_metric,std_metric,iqr,range_metric
0,0.9270093249082565,0.0032661903435873816,0.003266298770904452,0.018493199348449618
