subset_index,mean_metric,std_metric,iqr,range_metric
0,0.5492898418716009,0.037135584927522,0.05546856261691724,0.1876718327389077
