subset_index,mean_total,std_total,iqr_total,range_total
0,174.2,7.204095356045044,10.0,33
1,184.52,6.161922827275014,9.0,27
2,154.28,6.76604714285926,10.25,27
3,187.37,4.196330768563403,6.0,19
4,153.65,5.468689573980741,7.0,34
5,155.82,5.446488999735741,7.5,27
6,173.78,4.749439095006026,6.0,22
