subset_index,mean_metric,std_metric,iqr,range_metric
0,0.24420338746981787,0.031250388258763716,0.042439408637117815,0.1640412245077543
1,0.2279623579951133,0.019870454241519446,0.024085099730755816,0.10661456304784384
2,0.21181209822719158,0.03015746347139648,0.0376408703282351,0.16978906224543894
3,0.22822734213452137,0.045620483419983135,0.06497304590415137,0.22407998656482805
4,0.17269702640608364,0.0521893429690545,0.07379887502096966,0.23495313209200802
5,0.1312255851670128,0.027121628450379763,0.04184582644734523,0.1312550136401532
6,0.19580202801761729,0.024208790307249164,0.033299908587170884,0.108544659167604
