subset_index,mean_metric,std_metric,iqr,range_metric
0,17.42,0.720409535604506,1.0,3.3000000000000007
1,18.452,0.6161922827275016,0.8999999999999986,2.6999999999999993
2,15.427999999999999,0.6766047142859263,1.0250000000000004,2.700000000000001
3,18.737000000000002,0.41963307685634044,0.6000000000000014,1.8999999999999986
4,15.365,0.5468689573980743,0.6999999999999993,3.400000000000002
5,15.582,0.5446488999735738,0.7500000000000018,2.700000000000001
6,17.378,0.47494390950060356,0.5999999999999979,2.1999999999999993
