subset_index,mean_metric,std_metric,iqr,range_metric
0,0.8522769733667375,0.008023917844090987,0.009557709097862244,0.0554670035839081
1,0.8578220159709454,0.009715789669163673,0.008770997822284743,0.0714957505464554
2,0.8788048658967018,0.0058700131223103575,0.006945633888244651,0.029414141178131126
3,0.8475156263560056,0.013237228596624635,0.008489480614662037,0.06443529129028325
4,0.8639218335151672,0.010546230377093376,0.01490269303321845,0.0604900658130646
5,0.8781492202877998,0.005715780457120155,0.006223687529563815,0.03557828068733215
6,0.8446821250915528,0.00874590993612953,0.009907501935958796,0.04651650786399841
