subset_index,mean_metric,std_metric,iqr,range_metric
0,0.9517707151174545,0.001398704190037557,0.0018550708889961687,0.006849682331085294
1,0.9439245364665985,0.001536249255026307,0.0020769238471984863,0.008125180006027244
2,0.9546975473165511,0.0011681354950389472,0.0014090880751609358,0.006487143039703436
3,0.9525683094859123,0.0013853973017487749,0.0017793551087379456,0.007422047853469893
4,0.9295171024799348,0.002379329471300389,0.003207533061504342,0.011249947547912531
5,0.9538808393478394,0.0014005267061203985,0.002059370279312134,0.007074642181396529
6,0.9482078874707222,0.001062486251467285,0.0012530237436294556,0.0064658522605896
