subset_index,mean_metric,std_metric,iqr,range_metric
0,19.935,0.13209653647804215,0.10000000000000142,0.6999999999999993
1,20.0,0.0,0.0,0.0
2,19.869,0.1846071449857723,0.1999999999999993,0.6999999999999993
3,19.744,0.3046176606697629,0.5,1.3000000000000007
4,19.569000000000003,0.27291727388320114,0.32500000000000284,1.0
5,20.0,0.0,0.0,0.0
6,19.471,0.2779052232890075,0.3000000000000007,1.1000000000000014
