subset_index,mean_metric,std_metric,iqr,range_metric
0,0.5780161359794538,0.04241359489256019,0.05243584252882927,0.20163195133128864
1,0.45433400556449327,0.020229836847141743,0.020865845032089714,0.12480447589832616
2,0.6169985112442016,0.026037524973882665,0.041592308180774085,0.10852121832033534
3,0.5711565847456077,0.02529000779324343,0.0338299912639094,0.12562416680119176
4,0.4727984406375487,0.0356326171696516,0.0415160842295596,0.22480397186821588
5,0.38408758554255995,0.038422346180959195,0.057616695592174916,0.1839049193985075
6,0.45912810785432556,0.033697713373196686,0.04978273738912847,0.1519652128144241
