subset_index,mean_total,std_total,iqr_total,range_total
0,199.35,1.3209653647804291,1.0,7
1,200.0,0.0,0.0,0
2,198.69,1.8460714498577226,2.0,7
3,197.44,3.046176606697628,5.0,13
4,195.69,2.7291727388320104,3.25,10
5,200.0,0.0,0.0,0
6,194.71,2.779052232890073,3.0,11
