subset_index,mean_metric,std_metric,iqr,range_metric
0,6.5520000000000005,0.46438402777499255,0.7000000000000002,2.2
