subset_index,mean_metric,std_metric,iqr,range_metric
0,0.9093218210339546,0.002063446232145242,0.002720941603183702,0.009875196218490645
