subset_index,mean_metric,std_metric,iqr,range_metric
0,0.7604130788742097,0.01843648400262918,0.016797306759630537,0.10924906910113308
