subset_index,mean_metric,std_metric,iqr,range_metric
0,17.027,0.6004804473725748,0.7999999999999972,3.3000000000000007
