subset_index,mean_metric,std_metric,iqr,range_metric
0,0.9572173771858214,0.001202948929880983,0.0016059070825575894,0.005434626340866111
