subset_index,mean_metric,std_metric,iqr,range_metric
0,0.9592828079462052,0.0008226305970966197,0.0010725885629654375,0.004431521892547696
1,0.95937919652462,0.0011284307559758472,0.0015945836901665178,0.005506825447082475
2,0.9555560725331307,0.000787295921508914,0.0011633485555648804,0.003966778516769409
3,0.9596269874572754,0.0009958320359624378,0.0012149348855018394,0.004885113239288308
4,0.9522763723134995,0.0022337846737105435,0.0020706683397293535,0.019701147079467796
5,0.9573500431776047,0.0014597143481676312,0.0018226817250251992,0.007817554473876998
6,0.9592672308087349,0.0006653867133373592,0.0009144097566604614,0.003106725215911821
