subset_index,mean_metric,std_metric,iqr,range_metric
0,0.26382151601185033,0.04235361354055749,0.06435083583033896,0.1883749770865705
1,0.41359582410187273,0.03956041582156029,0.050111072830464676,0.19117645519497406
2,0.3868760484262652,0.0416079841541657,0.05654662197068977,0.19921131219626026
3,0.33969323949805696,0.028643052842695953,0.038108140637918286,0.14854208052707013
4,0.3339633520362173,0.033962775258649026,0.04295838241462657,0.17224417867501063
5,0.36006322267007584,0.03527602781168276,0.04509712888401246,0.20259495226105273
6,0.5114010975870806,0.03434962834637318,0.04168794023491096,0.16556222198341203
