subset_index,mean_metric,std_metric,iqr,range_metric
0,18.862000000000002,0.3928091010898172,0.5,2.099999999999998
1,17.355999999999998,0.5572878044329492,0.6000000000000014,3.0
2,19.892,0.15220931892521186,0.1999999999999993,0.6000000000000014
3,19.016,0.3961226215619742,0.6000000000000014,1.6999999999999993
4,17.714000000000002,0.4658043981906323,0.6000000000000014,2.6000000000000014
5,19.111,0.4268501026133299,0.5,1.8999999999999986
6,19.153,0.4395716464050343,0.6000000000000014,2.1000000000000014
