subset_index,mean_total,std_total,iqr_total,range_total
0,188.62,3.9280910108981697,5.0,21
1,173.56,5.572878044329493,6.0,30
2,198.92,1.522093189252119,2.0,6
3,190.16,3.961226215619743,6.0,17
4,177.14,4.658043981906328,6.0,26
5,191.11,4.268501026133299,5.0,19
6,191.53,4.395716464050339,6.0,21
