subset_index,mean_total,std_total,iqr_total,range_total
0,153.96,4.815631114433811,6.0,23
1,161.39,5.022967451636737,8.0,23
2,127.48,4.993895263117748,6.25,24
