subset_index,mean_metric,std_metric,iqr,range_metric
0,3.8739999999999997,0.4929031703626335,0.7000000000000002,2.3
