subset_index,mean_metric,std_metric,iqr,range_metric
0,0.908166859447956,0.0016773674338536485,0.0023825034499167508,0.008012640476226851
