subset_index,mean_total,std_total,iqr_total,range_total
0,16.07,1.9758900308826435,2.0,10
1,18.56,2.1001202466775677,3.0,11
2,27.86,3.1782721943556282,4.25,15
3,23.67,2.4702471965617545,3.0,13
4,24.48,3.1058107807882647,5.25,14
5,22.83,2.7926852506308166,4.0,14
6,18.87,2.6653595281202516,4.0,13
7,14.24,2.1183183725003962,2.25,10
8,13.68,2.0344507610138662,3.0,10
9,22.63,2.4231834808404784,3.0,12
