subset_index,mean_metric,std_metric,iqr,range_metric
0,0.4821993132160931,0.03624176884260783,0.047213805324829106,0.1667697235932898
