subset_index,mean_metric,std_metric,iqr,range_metric
0,14.765999999999998,0.5981824322246704,0.7999999999999989,3.4000000000000004
