subset_index,mean_metric,std_metric,iqr,range_metric
0,0.8824098259806632,0.005200550437991975,0.00579212009906771,0.024398422241210915
