subset_index,mean_metric,std_metric,iqr,range_metric
0,0.6611612241032958,0.030868700402215326,0.035513676703313735,0.15336472839203763
1,0.6564851610188219,0.0277240383762689,0.04015073217465148,0.14543053097868464
2,0.5538577403195847,0.04114816296192923,0.056760396811191716,0.1839512135747815
3,0.646376280505065,0.027291346351055384,0.04392223870422485,0.1139629624788534
4,0.5840203496782382,0.043307841713991005,0.047038946494490363,0.2147019879896616
5,0.6437964382115174,0.02812041790403168,0.03416129201282847,0.14285740256476553
6,0.6149771804774404,0.03071725829663794,0.03168193213581494,0.14982842690966602
