subset_index,mean_metric,std_metric,iqr,range_metric
0,0.9445060986280441,0.001731229349178698,0.0024020239710808022,0.00820685029029844
1,0.9458063392043115,0.001960704006348257,0.0025140881538392446,0.010752499103546143
2,0.9404893981814385,0.0018366514224895025,0.002095025777816839,0.01323457956314078
3,0.9452590990066528,0.0019333907930402306,0.0023804232478141785,0.010015445947647028
4,0.9419196242690085,0.0026117509393080427,0.002853590250015303,0.013978886604309126
5,0.9440268880724907,0.0019049025459393929,0.0030434697866440485,0.009690886735916115
6,0.9464822787046433,0.0016339963421083787,0.002129699289798781,0.007979774475097678
