subset_index,mean_metric,std_metric,iqr,range_metric
0,6.956,0.49243160833651695,0.7000000000000002,2.1999999999999993
