subset_index,mean_metric,std_metric,iqr,range_metric
0,0.9054744762778282,0.0015575802419405041,0.0021087571978569697,0.00799711346626275
