subset_index,mean_metric,std_metric,iqr,range_metric
0,0.7771733377011002,0.009431915857846465,0.009234209357985468,0.046418267486986076
