subset_index,mean_metric,std_metric,iqr,range_metric
0,9.863999999999999,0.6805404863307937,1.0250000000000004,3.0999999999999996
