subset_index,mean_metric,std_metric,iqr,range_metric
0,0.9037611355185509,0.0031916088657624624,0.0027399420738219993,0.020792341232299782
