subset_index,mean_metric,std_metric,iqr,range_metric
0,0.5444404670255097,0.036261547579729936,0.05457217125260028,0.19361804574588093
