subset_index,mean_metric,std_metric,iqr,range_metric
0,0.49010419626642165,0.03742806242161306,0.04897006484216698,0.1749811738803193
