subset_index,mean_metric,std_metric,iqr,range_metric
0,0.8821308265924453,0.005085102966680402,0.006700232625007629,0.029551386833190918
