subset_index,mean_metric,std_metric,iqr,range_metric
0,14.588,0.5623328034342128,0.8250000000000011,2.6999999999999993
