subset_index,mean_total,std_total,iqr_total,range_total
0,180.04,4.878151661886254,6.0,25
1,158.92,6.816023900939754,9.0,34
2,191.43,4.226551475344574,6.0,18
3,178.36,5.8594997545641485,8.25,27
4,181.98,5.681762423968838,7.25,30
5,185.17,4.58820402353865,5.0,26
6,165.91,6.077105571010932,8.0,32
