subset_index,mean_metric,std_metric,iqr,range_metric
0,0.45492852265637684,0.049156681457252834,0.059432069954831857,0.28228712789448834
1,0.5430065638916998,0.04678401038280119,0.06918772978822008,0.19558605550655284
2,0.4612775310027295,0.046983345613057184,0.06531425022335013,0.24281732215642465
3,0.5131257982354867,0.043705882138268676,0.058258929479085675,0.22259613275676515
4,0.542697424595794,0.051467433161850616,0.08189915345101584,0.26206995613829187
5,0.5502533436183161,0.03535157301838431,0.049978543076226734,0.1600327998372656
6,0.5381607914980246,0.04119148298243859,0.05908693001274912,0.23429733886847526
