subset_index,mean_metric,std_metric,iqr,range_metric
0,0.9630405735373497,0.0027604627486857284,0.0031415075063705444,0.01591443419456484
1,0.9667031091451644,0.0009583175598156304,0.0012012481689452903,0.005132997035980247
2,0.9589764300584792,0.0012396005076973722,0.001630124449729875,0.005706727504730225
3,0.9604262024760246,0.001448627521847324,0.0015895068645477295,0.008565545082092285
4,0.9613742690682412,0.0015531381213632336,0.0022091031074523704,0.008434170484542869
5,0.9623925751447677,0.0014363455520332057,0.00148120075464242,0.009659886360168457
6,0.9579546471834184,0.0024841245835411775,0.002726626396179266,0.01247090697288511
