subset_index,mean_metric,std_metric,iqr,range_metric
0,18.004,0.4878151661886266,0.6000000000000014,2.5
1,15.892000000000001,0.681602390093974,0.9000000000000004,3.3999999999999986
2,19.143,0.4226551475344577,0.6000000000000014,1.7999999999999972
3,17.836,0.585949975456416,0.8249999999999993,2.6999999999999993
4,18.198,0.5681762423968835,0.7250000000000014,3.0
5,18.517,0.45882040235386395,0.5,2.599999999999998
6,16.590999999999998,0.6077105571010927,0.8000000000000007,3.200000000000001
