subset_index,mean_metric,std_metric,iqr,range_metric
0,5.992999999999999,0.3641109277085319,0.40000000000000036,1.8000000000000007
