subset_index,mean_metric,std_metric,iqr,range_metric
0,0.9112126007080079,0.0038191992393976338,0.005306951701641083,0.017659664154052734
