subset_index,mean_metric,std_metric,iqr,range_metric
0,0.6892191352233392,0.032542670019675576,0.04669159054756167,0.16431885906204113
