subset_index,mean_metric,std_metric,iqr,range_metric
0,45.368,0.6356226566258963,0.7250000000000014,3.6000000000000014
