subset_index,mean_metric,std_metric,iqr,range_metric
0,0.9176769790053367,0.004079945148312339,0.0031162649393082775,0.02594933509826658
