subset_index,mean_metric,std_metric,iqr,range_metric
0,0.5188175969797686,0.02534956124761482,0.03198114968827648,0.12389114759711906
