subset_index,mean_metric,std_metric,iqr,range_metric
0,0.9177822855710983,0.004174601262807254,0.005505730211734838,0.021407580375671476
1,0.9186830613613128,0.004820060004871687,0.007980638742446922,0.0204043567180634
2,0.918598169207573,0.00474756290957906,0.0081610947847367,0.02094021439552307
3,0.9175177438855171,0.004695796481902048,0.0053096801042556985,0.020121979713439875
4,0.9171909462213516,0.003725817709692675,0.005295880138874054,0.019990664720535234
5,0.9195936816930771,0.004128162388455317,0.0052881807088851485,0.021422368288040228
6,0.9197881305217743,0.005516156405220837,0.007415461540222101,0.02450506687164311
