subset_index,mean_metric,std_metric,iqr,range_metric
0,0.7262776650658325,0.022982896816577798,0.029538854956485228,0.1337020522450315
1,0.7735403289801881,0.012281396636969994,0.015411120653265664,0.06521060466782624
2,0.7630652669079141,0.01786957946192014,0.022650764882474306,0.08834475278843956
3,0.770567957759568,0.01705572342409025,0.02281516641380421,0.07967692613588329
4,0.746440999121175,0.02015142396420201,0.02650756835932022,0.11261336207392525
5,0.7781911670274105,0.01425930461754727,0.01740170866241697,0.07310688495613848
6,0.7851640533513807,0.015669128510846637,0.022747886180798038,0.06926762759679927
