subset_index,mean_metric,std_metric,iqr,range_metric
0,3.127,0.45033208846249223,0.7000000000000002,1.8999999999999995
1,2.249,0.4093589469826541,0.5,2.0999999999999996
2,2.562,0.5374425033847291,0.8249999999999997,2.3
3,2.456,0.5069855455871929,0.7249999999999996,2.8
4,2.8289999999999997,0.4680272374013025,0.6000000000000001,2.2
5,2.1069999999999998,0.36494222595203785,0.4999999999999998,2.0999999999999996
6,2.01,0.4489043901713944,0.6999999999999997,2.0
