subset_index,mean_total,std_total,iqr_total,range_total
0,15.68,2.078655354022903,3.0,8
1,17.86,1.9644311896805915,2.0,9
2,29.26,3.089964204951052,4.0,15
3,24.11,2.473679629436866,4.0,11
4,24.44,3.285474613255053,4.5,14
5,23.63,2.8200401172015734,3.0,15
6,17.81,2.2683371740888822,3.0,11
7,14.61,2.1737413634449507,3.0,11
8,13.94,2.073497995994676,2.0,9
9,20.08,2.5012320196578353,3.0,14
