subset_index,mean_metric,std_metric,iqr,range_metric
0,0.8860476669073105,0.004701823868304899,0.0052533745765684925,0.02580758333206168
