subset_index,mean_metric,std_metric,iqr,range_metric
0,0.8931025680303574,0.00047978166219816656,0.0006395295262336953,0.002489537000656128
1,0.8792804055809975,0.0015226921498601345,0.002074354887008689,0.007887554168701127
2,0.8892014721035957,0.0016145371525751275,0.0024958401918410145,0.007202237844467163
3,0.8926789827942848,0.0010066184890672883,0.0013646706938744702,0.005589473247528121
4,0.8529111322164536,0.0005883944727443914,0.0007465243339538352,0.0027397394180298518
