subset_index,mean_metric,std_metric,iqr,range_metric
0,12.227,0.4317816039797821,0.5,2.1999999999999993
1,10.467,0.4625478408235248,0.6250000000000018,2.0999999999999996
2,10.076,0.5218692123008166,0.7250000000000014,2.5
3,10.459000000000001,0.4508342435435835,0.7000000000000011,2.0
4,16.476,0.20106785627813098,0.3000000000000007,0.8000000000000007
