subset_index,mean_total,std_total,iqr_total,range_total
0,122.27,4.3178160397978225,5.0,22
1,104.67,4.625478408235251,6.25,21
2,100.76,5.218692123008169,7.25,25
3,104.59,4.508342435435838,7.0,20
4,164.76,2.010678562781302,3.0,8
