subset_index,mean_metric,std_metric,iqr,range_metric
0,0.6489648080823958,0.04308552712763262,0.05512245445657349,0.21644940675374835
1,0.5902555970236594,0.034958023176258145,0.04666504613797828,0.1507984995204622
2,0.6157987684682807,0.041624094774051844,0.05491167021365795,0.23834746144706298
3,0.6345455630598397,0.04251056906426024,0.058721716755682385,0.1982537093156943
4,0.6321964842075786,0.03792741315951579,0.04470641789576235,0.1758232722472436
