subset_index,mean_metric,std_metric,iqr,range_metric
0,0.11234131431586075,0.04099670235975506,0.052968170227423644,0.1913455041658419
1,0.19688200067680448,0.05469799123046798,0.07858150505295666,0.2195930509510981
2,0.3046585943003707,0.038784623099078985,0.051649631107784144,0.22574924015044964
3,0.31330705588476565,0.04016345085168957,0.057029809514234586,0.17793818412375867
4,0.10893502345629198,0.039773558098468415,0.047274269143510766,0.1911148728045413
