subset_index,mean_metric,std_metric,iqr,range_metric
0,0.8723165544867516,0.004795013174448688,0.006117452681064672,0.03285192847251883
1,0.8915545146465301,0.0037884036271521484,0.004501223564147949,0.02610955238342283
2,0.8879545047283173,0.0026779003917104653,0.003549541532993361,0.01769952774047845
3,0.893993067264557,0.0028729271680298755,0.0038250982761383057,0.013721340894699119
4,0.9145578699707986,0.002722772784365809,0.003594344854354947,0.011123651266098045
