subset_index,mean_metric,std_metric,iqr,range_metric
0,0.9141962414979935,0.0033911039550988398,0.004237587749957972,0.021757024526596114
