subset_index,mean_metric,std_metric,iqr,range_metric
0,0.40966725940286147,0.029369208388437425,0.03622862323937642,0.14842892698688903
