subset_index,mean_metric,std_metric,iqr,range_metric
0,0.8948789986371994,0.0032006255604087766,0.004169671237468808,0.01474760770797734
