subset_index,mean_metric,std_metric,iqr,range_metric
0,12.204,0.7863635779762925,1.1250000000000018,3.5
