subset_index,mean_metric,std_metric,iqr,range_metric
0,0.41793325362576345,0.05577057722928662,0.0845318658298686,0.23836238624891082
1,0.46462552244230054,0.04010465896397532,0.0590190221513377,0.17067514823938007
2,0.331094139545508,0.03914714055320752,0.056991715528152465,0.19460423503990193
3,0.3298875304724994,0.0424187979910522,0.05776622178970703,0.25344701334712993
4,0.2827518879878513,0.041825826687828034,0.05236148078820385,0.20182896657439278
5,0.42130508519706433,0.043200495385122245,0.06734021820256969,0.21190735389749527
6,0.43964141796666895,0.03219355481851147,0.04508643967330206,0.16584689363291727
