subset_index,mean_total,std_total,iqr_total,range_total
0,51.3,5.334280218974767,7.0,26
1,64.86,3.4845111826220556,4.0,19
2,81.22,5.028363992835485,6.25,24
3,60.15,7.71640650127566,10.25,41
4,82.4,7.396422831820168,8.0,49
5,65.23,7.223495614236149,11.0,36
6,78.12,4.973221218981646,6.25,22
