subset_index,mean_metric,std_metric,iqr,range_metric
0,5.13,0.5334280218974765,0.7000000000000002,2.6000000000000005
1,6.486000000000001,0.34845111826220626,0.40000000000000036,1.9000000000000004
2,8.122,0.5028363992835487,0.6250000000000009,2.4000000000000004
3,6.015,0.7716406501275662,1.0250000000000004,4.1
4,8.24,0.7396422831820173,0.7999999999999998,4.8999999999999995
5,6.523,0.722349561423615,1.0999999999999996,3.5999999999999996
6,7.812,0.49732212189816455,0.625,2.2
