subset_index,mean_metric,std_metric,iqr,range_metric
0,0.9117477593421935,0.0025331887811881094,0.0027700066566467285,0.013267803192138605
1,0.9041830983161927,0.002739656594079833,0.004422841966152169,0.01266611814498908
2,0.9047669351696968,0.0023873458253320474,0.0032014235854148643,0.011569845676422164
3,0.9091238521933556,0.001942090966214425,0.0026747867465020114,0.00987044572830198
4,0.9071946937441825,0.0018568782576998363,0.002768041193485282,0.008408159017562866
5,0.9086383339762688,0.0020037479714230797,0.0024907872080801585,0.010568606853485152
6,0.9072976891994476,0.002141595199501555,0.00239400416612634,0.013207775354385443
