subset_index,mean_metric,std_metric,iqr,range_metric
0,2.283,0.3695629414278002,0.4249999999999998,1.9
1,1.507,0.42717181271211896,0.6000000000000001,2.4
2,1.556,0.2811664017171068,0.30000000000000004,1.3000000000000003
3,1.892,0.32056767828905697,0.40000000000000013,1.5000000000000002
4,2.061,0.3842597501112439,0.4999999999999998,1.9
5,2.104,0.4541436608018048,0.4999999999999998,1.8000000000000003
6,2.2319999999999998,0.41093143766892126,0.5249999999999999,1.9999999999999998
