subset_index,mean_metric,std_metric,iqr,range_metric
0,0.868220738709337,0.0019266031571753951,0.0021289646625815006,0.010113608837094334
1,0.8722091083530077,0.003965530339872087,0.004611510038383337,0.031659281253853644
2,0.8745849995616781,0.0016466792594167401,0.0022483617067089456,0.007345736026717176
3,0.8693029590848868,0.0031125638949947515,0.004155422747187942,0.015181529521892556
4,0.8695179275278019,0.0038010177463508156,0.004512345790847805,0.02356574535342537
5,0.8679070702199229,0.0062351254979625,0.003479848802082741,0.033028155565192785
6,0.8688994466069941,0.005697661494190454,0.00378853231681886,0.03359598517396167
