subset_index,mean_metric,std_metric,iqr,range_metric
0,0.7185877202139547,0.040634587307097327,0.04559915863817221,0.18568314798520746
