subset_index,mean_metric,std_metric,iqr,range_metric
0,0.9282254822850227,0.0034916251910407517,0.00489970743656154,0.01750236749649048
