subset_index,mean_metric,std_metric,iqr,range_metric
0,0.8997891281843186,0.0009161450802946963,0.0013755649328232034,0.004109787940978937
