subset_index,mean_metric,std_metric,iqr,range_metric
0,18.910999999999998,0.3930957166190475,0.4250000000000007,2.0
1,20.0,0.0,0.0,0.0
2,18.601,0.28337611085273295,0.40000000000000213,1.5999999999999979
3,18.118,0.3885689881936782,0.625,1.8999999999999986
4,19.454,0.33072311346166533,0.5,1.1999999999999993
5,17.625,0.4152095734674115,0.5999999999999979,1.7999999999999972
6,19.924,0.1491524878990114,0.10000000000000142,0.6000000000000014
