subset_index,mean_metric,std_metric,iqr,range_metric
0,0.7156828435026832,0.03350643973400586,0.04040244594459075,0.16558186784546713
1,0.8249952093433046,0.02247152401542156,0.024418683355723836,0.08536936790215932
2,0.7226862494084204,0.03815396315203718,0.05883811488341828,0.15751617998178358
3,0.6465915076012059,0.02814778241027706,0.042424426971065965,0.12919367701371554
4,0.7106842060885583,0.03751598431194377,0.05241397563098105,0.15546131990886436
5,0.7750367499193583,0.021096889677086027,0.027689749003408926,0.0836489945647888
6,0.6119909717262173,0.043287922888962584,0.06577128619379147,0.2073649940164174
