subset_index,mean_metric,std_metric,iqr,range_metric
0,0.9582880983948708,0.0003700742052513786,0.0004784613847733654,0.0021077215671539973
1,0.9584858193397523,0.00023421443711860865,0.00023307502269753755,0.0017025828361511008
2,0.9511972883939742,0.0004529183430499145,0.0005608424544334412,0.0022960305213928223
3,0.9453058993816376,0.0011753735095329314,0.0014138549566268255,0.008019626140594482
4,0.9522334616184235,0.000819177667269745,0.0007762655615806136,0.004250931739807062
5,0.955945397734642,0.0007106208370178331,0.0008567258715629356,0.0036270320415496826
6,0.9449757034182548,0.0022227791821835233,0.0027489155530929787,0.010144990682601995
