subset_index,mean_total,std_total,iqr_total,range_total
0,189.11,3.930957166190474,4.25,20
1,200.0,0.0,0.0,0
2,186.01,2.8337611085273258,4.0,16
3,181.18,3.885689881936777,6.25,19
4,194.54,3.307231134616653,5.0,12
5,176.25,4.152095734674116,6.0,18
6,199.24,1.4915248789901103,1.0,6
