subset_index,mean_metric,std_metric,iqr,range_metric
0,0.6451727453700004,0.06821967887635157,0.09373949541973625,0.34262579298737966
1,0.6822243165404878,0.04758910987076818,0.06271736678373951,0.24547033906378968
2,0.6739336719603746,0.0396379526500783,0.05533436796847213,0.20769885255553466
3,0.7015404404236751,0.04626767165502848,0.06725224405300667,0.22486981098302927
4,0.7214118145149228,0.03845071296482936,0.045735248168131015,0.18987174927403294
5,0.6586738037736481,0.0367628130053866,0.046853557069780005,0.16985301615554593
6,0.5558899225113434,0.0548618933027231,0.07028880151845252,0.2547377776321704
