subset_index,mean_metric,std_metric,iqr,range_metric
0,16.11,0.42199621808827636,0.5999999999999979,2.1999999999999993
1,16.241,0.42594991880892913,0.5249999999999968,1.8999999999999986
2,18.156,0.2648880075912396,0.3000000000000007,1.6000000000000014
3,17.934,0.41904653679513865,0.5999999999999979,1.8999999999999986
4,17.515,0.3537319078430188,0.40000000000000213,1.8000000000000007
5,17.301,0.24597569067702638,0.3999999999999986,1.0
6,15.447000000000001,0.2528444245584685,0.3249999999999993,1.200000000000001
