subset_index,mean_total,std_total,iqr_total,range_total
0,161.1,4.219962180882759,6.0,22
1,162.41,4.259499188089285,5.25,19
2,181.56,2.6488800759123934,3.0,16
3,179.34,4.190465367951391,6.0,19
4,175.15,3.537319078430201,4.0,18
5,173.01,2.459756906770264,4.0,10
6,154.47,2.528444245584688,3.25,12
