subset_index,mean_metric,std_metric,iqr,range_metric
0,0.9621328498125077,0.00024390115205104396,0.00023543834686279297,0.001487153768539362
1,0.9614213394522667,0.00037877120284029965,0.00047856420278546974,0.0018262684345244917
2,0.9447343826293946,0.0017947039877454247,0.002017042040824868,0.01092103123664856
3,0.9525250778794289,0.0005858041592299992,0.0007415756583213362,0.003426986932754561
4,0.955169076681137,0.0004855905981066332,0.0005500033497810586,0.0027500331401825173
5,0.9485697632431984,0.0006853289475139842,0.0009468480944633262,0.003733038902282715
6,0.944849235534668,0.0004025164743969501,0.00046417117118824347,0.0020203411579131636
