subset_index,mean_total,std_total,iqr_total,range_total
0,69.12,4.506516045537492,6.0,22
1,54.08,5.467405715010114,9.0,28
2,51.32,4.165466493816883,4.0,29
3,58.71,6.6716572229851625,9.0,33
4,46.3,4.8896923123128015,6.0,26
5,49.68,7.014962364096968,11.0,34
6,41.14,6.544362984178587,8.0,35
