subset_index,mean_metric,std_metric,iqr,range_metric
0,0.9093355353474617,0.002407836076967655,0.0034202232956885847,0.01073383688926699
1,0.9073404017686844,0.0027442435339307073,0.0034774109721184,0.01154233813285821
2,0.9072766094207764,0.004188615938168001,0.003356833755970068,0.039065796136856124
3,0.9097894892692565,0.001879319072415628,0.0024774566292762312,0.01132130026817324
4,0.9144979202151299,0.0030368447997426895,0.0038167625665664895,0.013849598169326738
5,0.909912104010582,0.002382116492137163,0.003119234740734167,0.01207844018936155
6,0.9170075108408927,0.002787743434934835,0.0031984269618987593,0.01389804482460022
