subset_index,mean_metric,std_metric,iqr,range_metric
0,0.4585575525975249,0.0453633085173093,0.0698632677047088,0.21891694293048536
1,0.4323229424731673,0.039669751829436904,0.05413906686086578,0.21544194222463564
2,0.5050709656558798,0.04374707780288658,0.06874403955780678,0.18939273687619435
3,0.4236358664699695,0.046595359752944626,0.060427260441766495,0.23380895760498477
4,0.5540756782171952,0.03129574606802769,0.04534620312845461,0.1557585428747258
5,0.6092590639699998,0.03684556697495037,0.04621143564927599,0.18588977158199504
6,0.5480164658507942,0.03405378461847952,0.04177929221330767,0.17454647719251198
