subset_index,mean_metric,std_metric,iqr,range_metric
0,6.912000000000001,0.4506516045537491,0.6000000000000005,2.2
1,5.4079999999999995,0.5467405715010114,0.8999999999999995,2.8
2,5.132000000000001,0.4165466493816883,0.39999999999999947,2.9000000000000004
3,5.871,0.6671657222985163,0.8999999999999995,3.3
4,4.63,0.48896923123128017,0.6000000000000005,2.6
5,4.968,0.7014962364096973,1.0999999999999996,3.4000000000000004
6,4.114,0.6544362984178587,0.7999999999999998,3.5
