subset_index,mean_metric,std_metric,iqr,range_metric
0,0.9485399127006531,0.005149806612660339,0.006652465462684609,0.024541962146758967
1,0.9322807742357254,0.004513327507593507,0.006244106590747811,0.024167746305465698
2,0.9386077989339828,0.00428167020709737,0.00641805380582805,0.01904311776161194
3,0.9394605419039727,0.004370067612087008,0.0059685423970222695,0.020305794477462835
4,0.939428638458252,0.0035714410299589818,0.004549555480480194,0.018922919034957908
5,0.941843302667141,0.004792745570639659,0.005238986015319913,0.01928152441978448
6,0.9323261501789094,0.00481876140240429,0.006733012199401811,0.023489230871200584
