subset_index,mean_metric,std_metric,iqr,range_metric
0,0.7007481338194802,0.029970192182307526,0.04549800187761166,0.14770624488643314
1,0.6824427127620255,0.04543477353244257,0.06107300901775381,0.20048289848446077
2,0.6801772036470475,0.04150267575565944,0.056014597788944465,0.1862177149411045
3,0.6196456843264047,0.044428712836842854,0.05149914119256649,0.20728550478525642
4,0.6780874338795848,0.03141017487998197,0.046927513835756884,0.14733818261736775
5,0.7152698441713384,0.03981707358393428,0.052675282211097074,0.20376954088172505
6,0.7303143565596741,0.02914729627432238,0.03234879085652009,0.14616484455988266
