subset_index,mean_metric,std_metric,iqr,range_metric
0,2.267,0.37525883323273274,0.5249999999999999,2.0
1,3.862,0.5050812515893564,0.5249999999999999,2.6
2,3.6830000000000003,0.4826389997093107,0.6000000000000001,2.3000000000000003
3,3.778,0.6854298953314929,1.0999999999999996,3.1
4,2.582,0.4011045356074255,0.5,1.7999999999999998
5,2.1109999999999998,0.32964474296681345,0.5,1.5
6,3.3289999999999997,0.6809522447249584,0.8000000000000003,4.199999999999999
