subset_index,mean_total,std_total,iqr_total,range_total
0,22.67,3.7525883323273264,5.25,20
1,38.62,5.050812515893565,5.25,26
2,36.83,4.826389997093106,6.0,23
3,37.78,6.854298953314931,11.0,31
4,25.82,4.011045356074256,5.0,18
5,21.11,3.296447429668136,5.0,15
6,33.29,6.809522447249583,8.0,42
