subset_index,mean_metric,std_metric,iqr,range_metric
0,0.40791351910636237,0.029056880355147603,0.03287614658271587,0.14416794180639736
