subset_index,mean_metric,std_metric,iqr,range_metric
0,13.369000000000002,0.8155923669891159,1.0250000000000004,4.400000000000002
