subset_index,mean_metric,std_metric,iqr,range_metric
0,0.8993672321438789,0.002269998686165216,0.00293175429105752,0.011385345458984286
