subset_index,mean_metric,std_metric,iqr,range_metric
0,0.9053833700418472,0.007137715950228091,0.0065056681632995605,0.04590505361557007
