subset_index,mean_metric,std_metric,iqr,range_metric
0,0.41871929709798444,0.02406186367045627,0.03137831380348949,0.11995733640841794
