subset_index,mean_metric,std_metric,iqr,range_metric
0,16.561,0.6065126344583234,0.8249999999999957,2.8000000000000007
1,16.266,0.5365847857731639,0.7999999999999989,2.6000000000000014
2,16.765,0.5373663799146964,0.7000000000000028,2.4000000000000004
3,14.03,0.5113855214172099,0.7000000000000011,2.299999999999999
4,11.637,0.6546886066804367,0.8000000000000007,3.5999999999999996
