subset_index,mean_total,std_total,iqr_total,range_total
0,165.61,6.065126344583238,8.25,28
1,162.66,5.365847857731642,8.0,26
2,167.65,5.373663799146966,7.0,24
3,140.3,5.113855214172098,7.0,23
4,116.37,6.546886066804371,8.0,36
