subset_index,mean_metric,std_metric,iqr,range_metric
0,0.11195381610805928,0.04024082282925778,0.05381122953968401,0.19017652271771468
1,0.19887634295958226,0.05455182631711167,0.0821420272965637,0.21501051883276262
2,0.30399420590316145,0.03855974257784872,0.055957234646718645,0.22089422411920515
3,0.3126915974935758,0.039781236086171706,0.05900873987099137,0.16526411230577578
4,0.10691252727988236,0.037635943310168146,0.041809140571507974,0.17466566561046332
