subset_index,mean_metric,std_metric,iqr,range_metric
0,0.8691694489717483,0.004886441851940217,0.004907886683940821,0.035527449846267656
1,0.884247319996357,0.00369594481348514,0.005056443810462996,0.018246805667877175
2,0.8839796884655953,0.0025579915390474117,0.0030699864029883894,0.0115450918674469
3,0.8843997845053673,0.002699771951953985,0.0034129709005356057,0.01391336917877195
4,0.9000662798881531,0.0021617311489713084,0.0025801047682761924,0.01036170721054075
