subset_index,mean_total,std_total,iqr_total,range_total
0,4.29,2.3410910000909984,2.0,10
1,4.09,1.4290987482757207,2.0,9
2,3.73,1.5099334388968904,1.0,9
3,4.91,1.990355533947428,3.0,9
4,4.18,1.1838987125663083,2.0,7
5,3.86,1.5309599550080935,2.0,8
6,3.95,1.1403968828899218,2.0,5
