subset_index,mean_metric,std_metric,iqr,range_metric
0,2.228,0.3714780741792975,0.3999999999999999,1.9
1,1.79,0.3056703182095759,0.3999999999999999,1.6999999999999997
2,1.546,0.2804829889150269,0.3999999999999999,1.3000000000000003
3,2.079,0.3811982702113445,0.4999999999999998,1.9000000000000001
4,2.909,0.47569088511534263,0.625,2.0999999999999996
5,2.188,0.32544608081086424,0.3999999999999999,1.5
6,2.4530000000000003,0.39040383132744927,0.5,1.7999999999999998
