subset_index,mean_metric,std_metric,iqr,range_metric
0,0.9739318757057189,0.0007198023650530839,0.001048313081264518,0.0033860504627227783
1,0.9738448451161384,0.0008050828513003891,0.0010494440793991089,0.004324465990066528
2,0.9751912688016892,0.0010052071283183771,0.001591765880584628,0.0049298286437987615
3,0.9741482044458389,0.0009020976570056016,0.001249903440475486,0.00528572797775273
4,0.9730420664548873,0.0006989488502544707,0.0010559737682341863,0.0036986827850341575
5,0.9736414489150047,0.0008426983270462246,0.0011548191308975442,0.004357612133026101
6,0.9735095838904381,0.0006665633775657507,0.0008879348635673079,0.0033732593059540017
