subset_index,mean_total,std_total,iqr_total,range_total
0,22.28,3.7147807417929744,4.0,19
1,17.9,3.05670318209576,4.0,17
2,15.46,2.8048298891502688,4.0,13
3,20.79,3.811982702113446,5.0,19
4,29.09,4.756908851153427,6.25,21
5,21.88,3.2544608081086417,4.0,15
6,24.53,3.9040383132744942,5.0,18
