subset_index,mean_metric,std_metric,iqr,range_metric
0,7.109,0.36351121583852675,0.6000000000000005,1.7000000000000002
1,9.76,0.42852813634155185,0.5,2.0999999999999996
2,5.426,0.3705360572157175,0.4249999999999998,2.1000000000000005
3,10.181000000000001,0.3404379235601987,0.4250000000000007,1.8999999999999986
