subset_index,mean_metric,std_metric,iqr,range_metric
0,0.7650878510569881,0.011087071638539212,0.014414384966740856,0.06758952140986019
1,0.7198519149456122,0.018025879592718917,0.018524795019190243,0.09743301571890228
2,0.7648999536787311,0.021933444056466044,0.026855610312278233,0.10868720342019111
3,0.6636109887050207,0.04086317943464895,0.05714007574391544,0.15184702575051778
