subset_index,mean_metric,std_metric,iqr,range_metric
0,0.8836586285829544,0.0028697119619699846,0.0041821733117104465,0.014122915267944403
1,0.8808259698748588,0.0019336924419551674,0.0020493522286414434,0.009191077947616533
2,0.901045940041542,0.003171065659099761,0.004629124701023168,0.01362464427948007
3,0.7989985650249818,0.0019057471977300866,0.00251137316226957,0.011037500940770162
