subset_index,mean_total,std_total,iqr_total,range_total
0,71.09,3.6351121583852675,6.0,17
1,97.6,4.285281363415519,5.0,21
2,54.26,3.7053605721571805,4.25,21
3,101.81,3.4043792356019913,4.25,19
