subset_index,mean_total,std_total,iqr_total,range_total
0,39.93,5.805352806860338,10.0,26
1,38.43,5.7053138441812346,8.0,28
2,49.0,4.765193669418978,6.0,21
3,29.48,5.718091085018292,7.0,32
4,25.65,4.166666666666667,5.0,22
5,39.89,6.892969628761637,9.0,39
