subset_index,mean_metric,std_metric,iqr,range_metric
0,0.9226227203011512,0.005072185188433633,0.006643947958946295,0.02375554442405703
1,0.9173481123447418,0.0039489217406407946,0.004661284387111664,0.0205638647079468
2,0.9221303108930587,0.00491686161357192,0.006583268940448805,0.02156170010566716
3,0.9201283544898032,0.00415948183930201,0.005549472570419267,0.02101683020591738
4,0.9239419378638267,0.0037514654064914207,0.00473654121160505,0.017405837774276733
5,0.9251103789806366,0.00542743400890965,0.007396820187568598,0.023767042160034224
