subset_index,mean_metric,std_metric,iqr,range_metric
0,0.4057354252211289,0.0324790487355842,0.051885334027265084,0.15520753426921047
