subset_index,mean_metric,std_metric,iqr,range_metric
0,0.8514131034612656,0.004460862556521621,0.005597904324531555,0.02494793534278872
