subset_index,mean_metric,std_metric,iqr,range_metric
0,18.177,0.5651235674298573,0.6999999999999993,3.299999999999997
