subset_index,mean_metric,std_metric,iqr,range_metric
0,0.862671331167578,0.005192769755338947,0.0067339703439240894,0.02553116083149254
1,0.855675181806411,0.008081890615275939,0.007526871562041237,0.03513543605809244
2,0.8688673349026409,0.006303839434987601,0.0035739481449259536,0.03254549503324433
3,0.8471229128244925,0.01173358982126637,0.013498994708074363,0.04669486880289486
4,0.8650489826205755,0.0089648815417832,0.008613759279233912,0.04598560333254098
5,0.8655034952167026,0.006992116206154556,0.0079009562731307,0.0379158914089861
6,0.873452342391356,0.004020136221048369,0.0051271378993192895,0.019195550680162987
7,0.8536834253076202,0.011334742458448292,0.013852420449303349,0.05640761256224902
