subset_index,mean_metric,std_metric,iqr,range_metric
0,20.0,0.0,0.0,0.0
1,19.994,0.042211588240886506,0.0,0.3999999999999986
2,20.0,0.0,0.0,0.0
3,20.0,0.0,0.0,0.0
4,20.0,0.0,0.0,0.0
5,20.0,0.0,0.0,0.0
6,20.0,0.0,0.0,0.0
