subset_index,mean_metric,std_metric,iqr,range_metric
0,0.9323954019546509,0.0016141723518135426,0.0019820436835288335,0.008479547500610307
1,0.9275721127986908,0.0020762488653252036,0.0025783106684684753,0.010976630449294977
2,0.925351926624775,0.0017553620378567057,0.002240982651710466,0.009022742509841919
3,0.9305147704482079,0.0012058922606544191,0.001444309949874989,0.006258988380432151
4,0.915883198082447,0.0014457728312342651,0.0017244055867196018,0.006940627098083518
5,0.9169134761095047,0.0016172820967031187,0.0021287634968758518,0.007999008893966764
6,0.9307220772504806,0.001743987317554299,0.002273340523243017,0.009827119112014726
