subset_index,mean_metric,std_metric,iqr,range_metric
0,0.5772470321923382,0.0310581830622367,0.04651369014429363,0.14211628436187473
1,0.5789594153542192,0.026228810118963157,0.0406794629996291,0.10525496602789142
2,0.5393856326804782,0.029951106465281496,0.04337469078324352,0.13843271617550112
3,0.5231658327645512,0.0341552000210842,0.04694610964804791,0.18023662455268613
4,0.5721937033782574,0.032541346571779914,0.05094495396876464,0.14288560450897037
5,0.3559783159853061,0.02608250180928401,0.0284376734014945,0.13675945549593171
6,0.5891047557099646,0.030167147604075226,0.0356936156672083,0.1547810778093841
