subset_index,mean_metric,std_metric,iqr,range_metric
0,0.7119631024460956,0.019918923426190536,0.019623552262393207,0.11529942974656571
