subset_index,mean_metric,std_metric,iqr,range_metric
0,10.058,0.4763455158863687,0.5250000000000004,2.5
