subset_index,mean_metric,std_metric,iqr,range_metric
0,0.8843126845359802,0.0012285827895834984,0.001825922727584861,0.006293958425521828
