subset_index,mean_metric,std_metric,iqr,range_metric
0,33.281,0.7607406014051454,1.0999999999999943,3.599999999999998
