subset_index,mean_metric,std_metric,iqr,range_metric
0,0.7213188799697451,0.02504927394456516,0.023613064557023722,0.14904035627714107
