subset_index,mean_metric,std_metric,iqr,range_metric
0,0.9605858580470086,0.00015650873275253996,0.00023088157176975876,0.0008540034294127752
