subset_index,mean_total,std_total,iqr_total,range_total
0,99.29,8.47491247235872,12.0,46
1,70.07,7.289476294389375,7.5,34
2,96.02,8.561105375623246,10.75,38
3,84.32,9.805049204312537,12.25,50
4,103.7,7.440674456232872,10.5,32
5,122.68,6.761268185388553,10.0,36
6,87.75,7.206023013893841,9.25,40
