subset_index,mean_metric,std_metric,iqr,range_metric
0,0.9011803565025329,0.004033143178140378,0.0053627952933311684,0.029180234670639016
1,0.9065683903694154,0.0033493143903762434,0.002814166247844696,0.025402069091796875
2,0.9030428127646446,0.0029653839652343393,0.004139821231365137,0.012919497489929155
3,0.9042243791818619,0.004197573494749844,0.004892678558826469,0.019400143623351962
4,0.9046070458292961,0.0027356851964672247,0.003004251420497872,0.015356624126434348
5,0.8957354265451432,0.0035797227848340515,0.004361854493618034,0.017474460601806685
6,0.9042696091532707,0.0031440157549667844,0.004150915145874068,0.01676332950592041
