subset_index,mean_metric,std_metric,iqr,range_metric
0,9.929,0.8474912472358727,1.1999999999999993,4.6
1,7.007000000000001,0.7289476294389374,0.75,3.3999999999999995
2,9.602,0.8561105375623247,1.075000000000001,3.799999999999999
3,8.432,0.9805049204312533,1.2249999999999996,5.0
4,10.37,0.7440674456232877,1.0500000000000007,3.200000000000001
5,12.267999999999999,0.6761268185388554,1.0,3.5999999999999996
6,8.775,0.7206023013893843,0.9249999999999989,4.000000000000001
