subset_index,mean_metric,std_metric,iqr,range_metric
0,0.5722046720504917,0.030299694997343092,0.043537094444217606,0.1684070147550673
1,0.47606460606554923,0.03602455648778742,0.03806211612827143,0.20192504897252433
2,0.5746273356553154,0.03510526084932635,0.038138491661022345,0.16493905540274056
3,0.5817554872010171,0.0366152264058057,0.0565061390399314,0.17964403219559633
4,0.49402285653117084,0.029887260060388637,0.035488936233853574,0.14249558001877982
5,0.5530513759879953,0.03484446942144048,0.05494350306471396,0.1373355266155859
6,0.5622870715320172,0.039127863495738595,0.050326693984884874,0.19162374306189395
