subset_index,mean_metric,std_metric,iqr,range_metric
0,0.9067899222373963,0.0023437254348546233,0.0030162185430525623,0.013943344354629517
1,0.9083334619402885,0.0023673357606854603,0.0030655145645142046,0.01118507981300354
2,0.9077219234108925,0.0019478537478656564,0.002574364840984389,0.010445261001586936
3,0.9091346696615219,0.0022930339146278503,0.0027619510889053123,0.012281036376953214
4,0.9084826667308807,0.00209952963727988,0.003001588582992487,0.010452169179916315
5,0.9078993994593619,0.0019062696865400277,0.0029279157519341847,0.008594417572021507
6,0.9080666883587837,0.001912695452214439,0.0026764899492263128,0.010893052816390969
