subset_index,mean_total,std_total,iqr_total,range_total
0,84.77,9.295219798967159,13.25,45
1,66.88,6.70335360062032,8.0,38
2,71.48,9.457485945220347,13.25,40
3,64.56,7.235323005222294,9.25,35
4,64.14,7.230714509869157,10.25,35
5,77.95,8.345294446209756,10.25,45
6,68.67,8.145216108523178,9.0,41
