subset_index,mean_metric,std_metric,iqr,range_metric
0,6.916,0.5273758171600709,0.7250000000000005,2.3999999999999995
