subset_index,mean_metric,std_metric,iqr,range_metric
0,0.9045784838795662,0.002906711012142169,0.0030864462256431358,0.01864753365516658
