subset_index,mean_metric,std_metric,iqr,range_metric
0,14.144,0.6815490377875172,0.8249999999999993,3.6000000000000014
