subset_index,mean_metric,std_metric,iqr,range_metric
0,0.8920922239422798,0.004894195502264199,0.005513627827167467,0.02840932607650759
