subset_index,mean_metric,std_metric,iqr,range_metric
0,0.8934733309447764,0.013252674042172834,0.004081454873085089,0.12053216695785529
