subset_index,mean_metric,std_metric,iqr,range_metric
0,0.3683693830324215,0.03546533245804059,0.04378438210690788,0.1895194353508109
