subset_index,mean_total,std_total,iqr_total,range_total
0,141.63,5.415382132071903,6.5,30
1,158.63,6.02462120021339,7.5,28
2,132.83,8.39799759683007,11.25,39
3,159.1,6.848283719224097,8.25,32
4,161.69,6.959761693354372,8.25,32
5,145.17,5.552422348794616,7.0,26
6,121.27,8.400162336093706,12.25,43
7,163.12,6.484293377543976,10.0,30
8,159.21,3.2946083901496435,3.5,16
9,186.62,6.221143485134094,8.0,27
