subset_index,mean_metric,std_metric,iqr,range_metric
0,0.8570066968798637,0.004284019681441478,0.0048979476094245245,0.02222780585288997
