subset_index,mean_metric,std_metric,iqr,range_metric
0,0.7729434076135097,0.015433691489598712,0.010596029461219847,0.08899834752131441
