subset_index,mean_metric,std_metric,iqr,range_metric
0,0.9329373486042023,0.0009351108659946524,0.0010831922292710017,0.006098318099975519
