subset_index,mean_metric,std_metric,iqr,range_metric
0,0.9730352710485458,0.0008315287169315797,0.0010334029793739319,0.00406375527381897
1,0.974918838262558,0.0009440948972075993,0.0012849316000937971,0.004321950674057051
2,0.9745165296792985,0.0010779060349401979,0.0014529883861542636,0.005728578567504972
3,0.9737552101612091,0.0007568811221711791,0.0009656995534896851,0.00395097136497502
4,0.973623804450035,0.0008565491154782522,0.0010192319750785828,0.003963279724121138
5,0.9729131439924239,0.0007935274018591505,0.0010120481252671176,0.004021638631820701
6,0.9740107269883156,0.0008568814323952913,0.001074890792369887,0.0039976358413696955
