subset_index,mean_total,std_total,iqr_total,range_total
0,22.83,3.6956294142780024,4.25,19
1,15.07,4.271718127121189,6.0,24
2,15.56,2.8116640171710667,3.0,13
3,18.92,3.205676782890571,4.0,15
4,20.61,3.8425975011124387,5.0,19
5,21.04,4.5414366080180475,5.0,18
6,22.32,4.10931437668921,5.25,20
