subset_index,mean_metric,std_metric,iqr,range_metric
0,0.921122079372406,0.003047410905831051,0.0039186000823974165,0.014893484115600542
1,0.9167009263634682,0.003044810151742753,0.004083254933357261,0.014064067602157615
2,0.9272476055026054,0.0037044885324261055,0.005099473893642403,0.01926575899124139
3,0.9181345012187958,0.0034151767342360836,0.004794219136238009,0.017071187496185303
4,0.9203632263541222,0.0035914943629493878,0.00531904399394989,0.018063777685165316
5,0.9163211464285851,0.0035634998510979663,0.005077020823955558,0.01727647781372066
6,0.9238816416859627,0.0033061847789776504,0.003919160366058216,0.01551336646080026
