subset_index,mean_total,std_total,iqr_total,range_total
0,22.47,3.655506431772113,5.0,17
1,38.61,5.344486444321413,7.0,27
2,14.94,2.5890991374287595,3.0,14
3,22.81,3.4309788926217784,4.0,20
4,20.38,3.4016632889386824,5.0,17
5,27.5,4.013864859597431,5.5,19
6,15.95,4.795568240310501,6.5,25
