subset_index,mean_metric,std_metric,iqr,range_metric
0,2.2470000000000003,0.36555064317721103,0.5,1.7000000000000002
1,3.861,0.5344486444321414,0.7000000000000002,2.6999999999999997
2,1.494,0.258909913742876,0.30000000000000004,1.4000000000000001
3,2.281,0.34309788926217777,0.3999999999999999,1.9999999999999998
4,2.0380000000000003,0.3401663288938682,0.4999999999999998,1.7000000000000002
5,2.75,0.4013864859597432,0.5499999999999998,1.9
6,1.595,0.4795568240310501,0.6499999999999999,2.5
