subset_index,mean_metric,std_metric,iqr,range_metric
0,0.6505658995123982,0.04133967918146662,0.055133598299415776,0.2322332858996271
1,0.6196065179709735,0.04880185050435961,0.06539001240956654,0.20447456230455424
2,0.7350958403938499,0.028915246336044115,0.04693374969013986,0.14304005057041325
3,0.7135645999822694,0.02995259843096784,0.04428834862724107,0.13248866945349735
4,0.7195023360324574,0.028127255606590552,0.037833568636142845,0.12374933399260046
5,0.5816294434841275,0.030330785982239778,0.04224467476567062,0.13449004591385505
6,0.7876863436336842,0.02427580458494139,0.03474218547258057,0.11542369313242562
