subset_index,mean_metric,std_metric,iqr,range_metric
0,0.935771353662014,0.012081011169371393,0.015872073173523016,0.053464812040328935
1,0.9461743502020836,0.015165676520675781,0.022523277997970603,0.06086581349372866
2,0.9361846917271615,0.013679029365693257,0.022214619815349668,0.056333333253860474
3,0.9443865090012551,0.011472400533471382,0.016430667042732328,0.05006178617477419
4,0.9429742619991301,0.013015838495297557,0.021872283518314384,0.04999104142189026
5,0.9443649252057075,0.012982717262385129,0.01925270706415183,0.050515151023864724
6,0.9503116075992584,0.012273521069177847,0.017635087668895655,0.05060028433799746
