subset_index,mean_metric,std_metric,iqr,range_metric
0,0.8403994019035166,0.01528271441580066,0.01474857330327195,0.06732307076450827
1,0.8511067965034137,0.015990135014143002,0.023194000125006164,0.06823246479038314
2,0.8421180991534101,0.013811941698112935,0.021973456442344608,0.05868926048278811
3,0.8472779318098013,0.011512654226435591,0.012024076282975749,0.052475059032553895
4,0.8466942265633511,0.013832958716334323,0.021483056247327048,0.05427671074870433
5,0.8484494461421259,0.013149109543832813,0.02191544175153859,0.049431526661127045
6,0.8539412780407671,0.01372841206124994,0.020289570093026232,0.05753794908517362
