subset_index,mean_metric,std_metric,iqr,range_metric
0,0.429,0.2341091000090998,0.2,1.0
1,0.409,0.14290987482757211,0.2,0.8999999999999999
2,0.373,0.15099334388968905,0.10000000000000003,0.9000000000000001
3,0.491,0.1990355533947428,0.3,0.9000000000000001
4,0.418,0.11838987125663081,0.2,0.7
5,0.386,0.15309599550080938,0.2,0.8
6,0.395,0.1140396882889922,0.2,0.49999999999999994
