subset_index,mean_metric,std_metric,iqr,range_metric
0,0.6998686644136906,0.0065089690395658826,0.007243680953979426,0.033949249982833885
1,0.704318889349699,0.01722943136658557,0.017765775322914124,0.11147129535675049
2,0.6853486097753049,0.009940587356183951,0.00616413727402676,0.08435849845409393
