subset_index,mean_metric,std_metric,iqr,range_metric
0,0.4910068776330428,0.022470494750197637,0.032244250921058426,0.11710613183658936
1,0.46864939307717307,0.032568200502286454,0.05074203832871044,0.13371277301997936
2,0.4174262436564813,0.02819330790820017,0.03532448262045762,0.1434537049424945
