subset_index,mean_metric,std_metric,iqr,range_metric
0,0.7616569902915074,0.021945560910445874,0.025011716409459872,0.11654796627567487
