subset_index,mean_metric,std_metric,iqr,range_metric
0,2.627,0.3752049944747376,0.5,1.7999999999999998
