subset_index,mean_metric,std_metric,iqr,range_metric
0,0.9272747411727906,0.003061962536400078,0.003864988684654347,0.01769672036170966
