subset_index,mean_total,std_total,iqr_total,range_total
0,31.25,2.6452740401468335,2.25,17
1,30.47,3.4944544812047726,5.0,16
2,34.39,3.49283537973077,5.0,18
3,53.66,4.238400689415807,6.25,18
4,29.62,2.8312113265804744,4.0,14
5,20.09,2.5029074003137737,3.25,13
6,30.66,3.352128827591159,5.0,15
