subset_index,mean_metric,std_metric,iqr,range_metric
0,3.125,0.2645274040146832,0.2250000000000001,1.7000000000000002
1,3.0469999999999997,0.3494454481204773,0.5,1.6
2,3.4389999999999996,0.3492835379730768,0.5,1.7999999999999998
3,5.3660000000000005,0.42384006894158094,0.6250000000000009,1.7999999999999998
4,2.9619999999999997,0.2831211326580475,0.40000000000000036,1.4
5,2.009,0.25029074003137747,0.3250000000000002,1.3
6,3.0660000000000003,0.335212882759116,0.5,1.5
