subset_index,mean_metric,std_metric,iqr,range_metric
0,0.9199106501340866,0.004160782862754942,0.005247165262699194,0.019851332902908303
1,0.9202006560564041,0.004343990491784792,0.006257459521293529,0.02145960330963137
2,0.9195494820475578,0.0038948785495709517,0.004561315476894423,0.018843030929565407
3,0.9155167103409767,0.003570611109710597,0.005080501735210463,0.015110880136489868
4,0.9222509308457374,0.005292571032176666,0.007852429151535056,0.025697332620620794
5,0.9265266490578651,0.005110602992066554,0.007091292738914512,0.025786775350570612
6,0.9235608689785003,0.004194475479835587,0.005660073459148429,0.020408719778060913
