subset_index,mean_metric,std_metric,iqr,range_metric
0,0.4874627133394467,0.03375152606263645,0.045398016644809636,0.14570365100940919
1,0.6178930547960103,0.029057709014193328,0.042440279293715744,0.13809023760316186
2,0.49913481315932456,0.039946901339290374,0.04936473963352911,0.22677580591973767
3,0.5634312064061325,0.04250948373773102,0.058520701951352394,0.21997835570581847
4,0.58518898853082,0.0390673995368767,0.054684597415736835,0.19537374488647913
5,0.6931622526816623,0.028773441227595526,0.02853550910954017,0.18763443990572481
6,0.5282017238137754,0.03225759533100451,0.04675715304990291,0.14428582647932342
