subset_index,mean_metric,std_metric,iqr,range_metric
0,0.9304525546431541,0.0012765636502346748,0.001984766125678994,0.005532890558242798
1,0.9288214698433876,0.0019592344073826855,0.0024841263890266196,0.012126100063324041
2,0.9335883239507674,0.001659818115260481,0.0020731985569000244,0.011415547132492043
3,0.9367029014229774,0.0014581708224363703,0.001908041536808014,0.007422578334808416
4,0.9410694393515587,0.001150077951303441,0.0013994976878165533,0.00643290281295783
5,0.9349998700022698,0.001392512396569958,0.001605916023254328,0.007336115837097146
6,0.9440770457983017,0.0011309489569819103,0.001446545124053844,0.005319887399673484
