subset_index,mean_metric,std_metric,iqr,range_metric
0,19.209,0.3200678589665549,0.3000000000000007,1.5
1,20.0,0.0,0.0,0.0
2,20.0,0.0,0.0,0.0
3,19.976,0.06834257143762609,0.0,0.5
4,19.874000000000002,0.1721052062553655,0.1999999999999993,0.6999999999999993
5,19.415,0.24178419294816583,0.40000000000000213,1.1999999999999993
6,20.0,0.0,0.0,0.0
