subset_index,mean_total,std_total,iqr_total,range_total
0,192.09,3.2006785896655456,3.0,15
1,200.0,0.0,0.0,0
2,200.0,0.0,0.0,0
3,199.76,0.6834257143762623,0.0,5
4,198.74,1.7210520625536627,2.0,7
5,194.15,2.4178419294816593,4.0,12
6,200.0,0.0,0.0,0
