subset_index,mean_metric,std_metric,iqr,range_metric
0,0.46096987344239715,0.04492801978744701,0.06650284556635672,0.22139781155075255
1,0.43605947589943994,0.037625466804261175,0.045537151203494,0.20558074490459483
2,0.5096788174125695,0.04315009502333153,0.06640407954362393,0.20290441941153803
3,0.4214145170827153,0.044980481152256044,0.05172970695613105,0.23599409047175324
4,0.5520188991571902,0.03366178285054062,0.053799594950825536,0.16275037824067773
5,0.6096611668687423,0.034371005104206674,0.0397714115668093,0.1860309839263803
6,0.5513607657119896,0.03362491581514653,0.04420931998794819,0.17626016139280376
