subset_index,mean_metric,std_metric,iqr,range_metric
0,0.7287141524976708,0.030896485104139323,0.03453408033327743,0.14759982265189453
1,0.7502750154071187,0.021562595985169804,0.029104022675552677,0.10341786333473535
2,0.7418543372413983,0.01496114047829762,0.017100898927517427,0.07626814991235731
3,0.6836978925999604,0.032551553155151694,0.043222049618243386,0.15675083396680345
