subset_index,mean_metric,std_metric,iqr,range_metric
0,0.9037028539180756,0.0001556958963778216,9.91523265838623e-05,0.0011948466300963911
1,0.9040567212700843,0.00011958033894488234,0.0,0.0010260343551635742
2,0.9032396579384803,8.632847578075575e-05,0.0,0.00036336779594414725
3,0.9065006398558617,6.19489621869615e-05,5.015730857849121e-05,0.0002640068531036821
