subset_index,mean_metric,std_metric,iqr,range_metric
0,6.6770000000000005,0.7430288818019926,1.0,3.5999999999999996
1,7.067,0.8309730209917541,1.0500000000000007,3.9000000000000004
2,7.004,0.7300089939946844,0.9000000000000004,3.999999999999999
3,6.672000000000001,0.8337671598040289,1.0,4.1000000000000005
4,7.2589999999999995,0.7421093333372534,1.0250000000000004,3.5
5,6.723,0.7739254525214985,1.2000000000000002,3.8
6,7.178,0.6815875704277595,0.7999999999999998,3.7
