subset_index,mean_metric,std_metric,iqr,range_metric
0,0.9091132560968398,0.002195753704157689,0.003306061029434204,0.01114096045494084
1,0.9086209527850151,0.002133059004460123,0.0030608594417572688,0.010464072227478027
2,0.9084722302556039,0.002217449580080208,0.003481850028037914,0.009084957838058516
3,0.9087199975252152,0.0019839723894536664,0.002030348777771085,0.010216277837753251
4,0.9080059301257134,0.0019306118011094935,0.002769128978252433,0.010311257839202836
5,0.9082090101838112,0.0018586456076224475,0.002001225948333629,0.009756141901016258
6,0.9078600726127624,0.0020273769634973847,0.002495239675044947,0.01052232384681695
