subset_index,mean_metric,std_metric,iqr,range_metric
0,0.6051654674334768,0.02063151214880168,0.02760124728100799,0.11264395564876162
1,0.6280010029229288,0.027082341012035025,0.04511979222692575,0.10980373919077735
2,0.6025160076846037,0.029124491681193184,0.03917478341368674,0.12550152838082962
3,0.673240955427681,0.02923942629631194,0.0477198760488271,0.11504685350569599
4,0.5725769565979397,0.03852864606524629,0.04229564740919278,0.2014754883897702
5,0.6284525802805474,0.02190996127980703,0.022514046354835338,0.12254364935532691
6,0.5525751414671225,0.02924995193804665,0.031027222286363676,0.16132127097257454
