subset_index,mean_total,std_total,iqr_total,range_total
0,66.77,7.430288818019923,10.0,36
1,70.67,8.30973020991754,10.5,39
2,70.04,7.300089939946845,9.0,40
3,66.72,8.337671598040286,10.0,41
4,72.59,7.421093333372534,10.25,35
5,67.23,7.7392545252149825,12.0,38
6,71.78,6.815875704277599,8.0,37
