subset_index,mean_total,std_total,iqr_total,range_total
0,35.77,4.859344845062172,7.0,23
1,32.27,3.2840446852851284,5.0,14
2,33.75,3.9577950192173175,6.0,19
3,30.5,3.2675323528264686,5.0,15
4,28.0,3.296769156111308,4.0,22
5,25.06,2.6316642197773956,4.0,15
6,33.59,4.332389174531296,5.25,20
