subset_index,mean_metric,std_metric,iqr,range_metric
0,3.577,0.48593448450621735,0.6999999999999997,2.3
1,3.227,0.3284044685285129,0.5,1.4
2,3.375,0.3957795019217319,0.6000000000000001,1.8999999999999995
3,3.05,0.32675323528264677,0.5,1.5
4,2.8,0.3296769156111308,0.3999999999999999,2.2
5,2.506,0.2631664219777394,0.40000000000000036,1.4999999999999998
6,3.359,0.4332389174531296,0.5249999999999999,2.0
