subset_index,mean_metric,std_metric,iqr,range_metric
0,0.479038998845531,0.049003825237673077,0.07370271595765132,0.2124225478460845
1,0.5412379632630517,0.03474946131921026,0.046406597265682525,0.16292735634955569
2,0.5932161355163791,0.03283066006438585,0.045575024181781276,0.1672222176628294
3,0.32619102617904466,0.04574683368588647,0.06438933181509171,0.2131118379339826
4,0.562990648782575,0.04594855085301309,0.07168531716694992,0.20545302183145686
5,0.41940775545649783,0.031763408906404084,0.04424623395715205,0.17125312090047623
6,0.4098149000024386,0.040888094538561785,0.05358176449960128,0.20247916954170941
