subset_index,mean_metric,std_metric,iqr,range_metric
0,0.9211987062096596,0.002840426003237217,0.0037041306495667614,0.014889580011367864
1,0.9136693471074104,0.0026313598307812643,0.003515575826168016,0.012794047594070435
2,0.9160571438670158,0.002555047509744368,0.0035950154066084483,0.011878722906112693
3,0.9149233197569848,0.0031253939826795638,0.0039733946323394775,0.017639863491058394
4,0.9133851628303528,0.002369113638314292,0.0030394569039343677,0.01516402959823615
5,0.9135781468153,0.002877686194230842,0.004390132427215643,0.014262884855270386
6,0.9144840124845505,0.0026008473858399627,0.003118707239627927,0.015738523006439187
