subset_index,mean_metric,std_metric,iqr,range_metric
0,0.6166636195268209,0.019982214502631154,0.023991338537054374,0.11791318021796315
1,0.6393730357543678,0.025526531207410327,0.03957083448762677,0.11815688759615062
2,0.6132590943744218,0.028905836074672793,0.037608576565706264,0.13435777276753946
3,0.6860580612927331,0.029311207878138644,0.04299505055267894,0.12005579406178835
4,0.5830650458651809,0.037437782082386406,0.04880427792287023,0.20163013711128996
5,0.6357523445068268,0.020418605840689552,0.023554738730512947,0.10764904171019052
6,0.563788887104121,0.027661678486730325,0.030620334669827942,0.15134234209020675
