subset_index,mean_metric,std_metric,iqr,range_metric
0,6.736000000000001,0.7151350794207915,0.9000000000000004,3.3999999999999995
1,3.917,0.4952409881700386,0.6000000000000001,2.3999999999999995
2,5.6129999999999995,0.6063060866485432,0.7250000000000005,3.3
3,5.365,0.7048712182685816,0.9249999999999998,3.5
4,5.685,0.7296567617030557,0.8999999999999995,3.6999999999999993
5,4.9,0.6637816362374458,0.9250000000000007,4.0
6,5.928,0.6459008273627453,0.8500000000000005,3.4000000000000004
