subset_index,mean_metric,std_metric,iqr,range_metric
0,0.4514688889904264,0.051237250751823823,0.06765650026390424,0.28602930753738737
1,0.5397800735889632,0.048586063887223356,0.07633690311739355,0.208343967789258
2,0.4710865986448392,0.04283242776547323,0.06405855660069193,0.20746086760190258
3,0.5163650431699038,0.042438142962877415,0.048752687126359995,0.22062840461750238
4,0.5404630391568235,0.05021485683987026,0.08106694520135282,0.24006215036303802
5,0.543655239533238,0.03374205412733097,0.04595036656001872,0.14974808990972793
6,0.5344527592617664,0.04381676699068204,0.05527782757132593,0.22535181716262398
