subset_index,mean_total,std_total,iqr_total,range_total
0,67.36,7.151350794207917,9.0,34
1,39.17,4.952409881700385,6.0,24
2,56.13,6.063060866485431,7.25,33
3,53.65,7.048712182685817,9.25,35
4,56.85,7.296567617030558,9.0,37
5,49.0,6.637816362374455,9.25,40
6,59.28,6.459008273627452,8.5,34
