subset_index,mean_metric,std_metric,iqr,range_metric
0,0.9125344560146331,0.0031316672346438815,0.003857950866222315,0.01438201069831846
1,0.9194546674489975,0.003616506549905576,0.004458086192607791,0.01978626847267151
2,0.9122520006299019,0.00299534033914307,0.0038101628422737566,0.013528168201446533
3,0.915213081896305,0.003498574916701593,0.00413788557052619,0.01989479064941413
4,0.9131737512350082,0.003001646187431662,0.004003769159317105,0.014902162551879927
5,0.9150121616721154,0.003195635609056879,0.00436347573995588,0.015446794033050604
6,0.9148498296141625,0.003609116413322597,0.005695731937885307,0.016269272565841653
