subset_index,mean_metric,std_metric,iqr,range_metric
0,5.7989999999999995,0.3627880255950456,0.40000000000000036,1.6999999999999993
