subset_index,mean_metric,std_metric,iqr,range_metric
0,0.9106849477291107,0.004240456508532538,0.0043754488229751365,0.03505598306655877
