subset_index,mean_metric,std_metric,iqr,range_metric
0,0.698314570034122,0.03239997444580134,0.04425753243750996,0.15822319685816166
