subset_index,mean_metric,std_metric,iqr,range_metric
0,0.7593418907165693,0.022913311742849427,0.014414304495011021,0.11767929979493552
