subset_index,mean_metric,std_metric,iqr,range_metric
0,0.923212945640087,0.0008112169614592061,0.0011213034391404086,0.004139053821563765
