subset_index,mean_metric,std_metric,iqr,range_metric
0,14.457,0.44067326818509117,0.7000000000000011,1.9000000000000004
