subset_index,mean_metric,std_metric,iqr,range_metric
0,0.8908116283416748,0.003010816523114795,0.003963764011859827,0.014886051416397095
