subset_index,mean_metric,std_metric,iqr,range_metric
0,0.5865474484947489,0.02352571815909126,0.03433469682875867,0.12170508131355628
