subset_index,mean_metric,std_metric,iqr,range_metric
0,0.6479240416453113,0.03280234765278048,0.048983749003273847,0.13454066515055585
1,0.6447779117372453,0.030890891265718146,0.04531355751613286,0.16702617155233523
2,0.5416078044568886,0.041318663941890696,0.05534614017345818,0.18607277385329035
3,0.6301764101573787,0.02854609444411829,0.04034403264098407,0.12925089001496692
4,0.571067107215528,0.04506935696374904,0.04573003668267772,0.22800325397443522
5,0.6314838441350021,0.030554924370348523,0.042110148349538856,0.15923545211675716
6,0.6068567288684644,0.029491719054381197,0.032737259939409014,0.13643555119563766
