subset_index,mean_total,std_total,iqr_total,range_total
0,68.7,8.757680611724188,11.0,46
1,69.31,7.1713444916683375,11.0,29
2,75.81,8.60431533733175,9.0,42
3,68.37,7.652364789311005,11.25,40
4,74.08,8.189276062280621,10.25,42
5,73.92,6.515994307715578,8.0,35
6,65.07,6.51533544490197,8.0,39
