subset_index,mean_metric,std_metric,iqr,range_metric
0,6.87,0.8757680611724185,1.0999999999999996,4.6
1,6.931,0.7171344491668339,1.0999999999999996,2.9000000000000004
2,7.581,0.8604315337331749,0.9000000000000004,4.199999999999999
3,6.837000000000001,0.7652364789311004,1.125,3.999999999999999
4,7.4079999999999995,0.8189276062280623,1.0250000000000004,4.2
5,7.392,0.651599430771558,0.7999999999999998,3.5
6,6.507000000000001,0.6515335444901971,0.8000000000000007,3.8999999999999995
