subset_index,mean_metric,std_metric,iqr,range_metric
0,0.9330449098348618,0.0009331119016291098,0.0014197751879692078,0.0038850247859953946
