subset_index,mean_metric,std_metric,iqr,range_metric
0,0.9023934133201837,0.04797739452560286,0.004537396132946014,0.4822599247097969
