subset_index,mean_metric,std_metric,iqr,range_metric
0,0.36699702843340143,0.04132347717875631,0.04836065195355044,0.305672214593055
