subset_index,mean_metric,std_metric,iqr,range_metric
0,0.9044889178872109,0.0013405754797190285,0.0019184619188308272,0.005857336521148726
