subset_index,mean_metric,std_metric,iqr,range_metric
0,7.071000000000001,0.5005643279985563,0.7000000000000002,2.1999999999999993
