subset_index,mean_metric,std_metric,iqr,range_metric
0,0.7594788366195832,0.021238239233129043,0.010833919048108598,0.12091758080375203
