subset_index,mean_total,std_total,iqr_total,range_total
0,181.32,5.938880620984312,7.25,32
1,167.68,8.406202616178273,10.0,46
2,190.53,5.855938883050281,8.25,26
3,198.01,2.5165914096714896,3.0,10
4,184.61,6.07012056192986,7.25,29
5,185.88,5.523649796168025,6.5,31
6,180.05,5.655738124893488,8.0,31
