subset_index,mean_metric,std_metric,iqr,range_metric
0,0.8690529570579528,0.015731559251991097,0.011419078707694985,0.07396162152290342
1,0.8880359298586845,0.008692504120503297,0.007505899667739846,0.06517496705055237
2,0.8708194715976716,0.01600292639477449,0.01565317064523697,0.068497097492218
3,0.8225068321973086,0.03484029603271053,0.06097662001848225,0.1157778725028038
4,0.8734503085464239,0.01156841302628918,0.01222984343767164,0.07369671016931534
5,0.866733056942001,0.019453268968334717,0.0170763820409775,0.10590346194803713
6,0.8773189696967602,0.014665365765046878,0.007228782773017861,0.08114899992942814
