subset_index,mean_metric,std_metric,iqr,range_metric
0,18.132,0.5938880620984309,0.7249999999999979,3.1999999999999993
1,16.768,0.8406202616178272,1.0,4.6
2,19.053,0.5855938883050285,0.8249999999999993,2.6000000000000014
3,19.801,0.2516591409671486,0.3000000000000007,1.0
4,18.461,0.6070120561929864,0.7249999999999979,2.8999999999999986
5,18.588,0.5523649796168026,0.6499999999999986,3.099999999999998
6,18.005,0.5655738124893488,0.7999999999999972,3.099999999999998
