subset_index,mean_metric,std_metric,iqr,range_metric
0,0.38157421925290463,0.025512601440745908,0.027727904277518256,0.13575273743352345
1,0.26012918748831315,0.03938505245848008,0.06378403547982445,0.17341792135462603
2,0.37989760421330915,0.04804612379508655,0.06977690876856485,0.21202797934148376
3,0.3617862134120071,0.042640731328033116,0.05726087057084439,0.1980054493964989
4,0.23884496781530204,0.03487782747489205,0.04692471399266901,0.19609693103968256
5,0.41309144185954827,0.024763064813386446,0.03129984761781135,0.1267586082120642
6,0.32412462022065386,0.030297498410764068,0.03807911329803548,0.16149692666596868
