subset_index,mean_metric,std_metric,iqr,range_metric
0,0.9225427969694138,0.0027060784572088452,0.003241692483425096,0.015063506364822454
1,0.946626184463501,0.001204600087860227,0.0010489463806152566,0.008672535419464111
2,0.9423354740738868,0.001806307322974532,0.002157159149646759,0.012013381719589211
3,0.9394189653992653,0.00197843114113109,0.0028096973896025723,0.009459590911865212
4,0.9314550773501397,0.0025177536438715214,0.0033654943108558655,0.012833487987518377
5,0.9144176697134972,0.0037943774835549615,0.0037730529904366206,0.020497477054595925
6,0.9410914580821991,0.0020335634337410305,0.002078112959861822,0.014750200510024958
