subset_index,mean_metric,std_metric,iqr,range_metric
0,0.28924922870817893,0.04240930552898367,0.05551953371332008,0.18837742655596673
1,0.41107354918966066,0.03697516087853328,0.05155865550057409,0.15384561791328794
2,0.23625893594050723,0.04253954608730094,0.05688885868610205,0.19013756121552133
3,0.08833775369193975,0.033428553916678094,0.043510717075846445,0.18062108283647826
4,0.1780161036202662,0.04085609510024521,0.06467616119045244,0.19913788138911453
5,0.15350316012895673,0.024444988020703617,0.03270712158827113,0.12343343978673149
6,0.23878548151984863,0.04153816089444342,0.060314014873353805,0.1874376575137678
