subset_index,mean_metric,std_metric,iqr,range_metric
0,0.16974147483017138,0.03040787492146768,0.03979814186597058,0.1647113991275483
1,0.39848585952801335,0.04444510803057398,0.05910616768728244,0.22334914564981367
2,0.28045566822004564,0.042490014251833394,0.06249299380518561,0.18478781805294445
