subset_index,mean_metric,std_metric,iqr,range_metric
0,0.8972143843173981,0.0022474833762934987,0.0023884356021881548,0.011668169498443515
1,0.9064016674757004,0.00238191499166743,0.0034736692905426025,0.010318160057067871
2,0.9095293956995011,0.0020519246192109535,0.002629740536212899,0.011777079105377286
