{
  "immediate": {
    "epoch": 2.0,
    "mae": 1.43909066401124,
    "rmse": 1.736597564174381,
    "r2": 0.22313200389218946,
    "pearson": 0.4980799124413194,
    "spearman": 0.4355845564876732,
    "best_epoch": 2.0
  },
  "ctg": {
    "epoch": 5.0,
    "mae": 5.755687832200527,
    "rmse": 7.858873910661118,
    "r2": 0.576240450672505,
    "pearson": 0.7696168558289642,
    "spearman": 0.8222004450086787,
    "best_epoch": 5.0
  }
}