{
  "immediate": {
    "mean": 2.2377375,
    "std": 1.86013925075531
  },
  "ctg": {
    "mean": 11.61409375,
    "std": 10.22044849395752
  }
}