subset_index,mean_metric,std_metric,iqr,range_metric
0,0.9781952818632127,0.001029279667808616,0.0013607010245324513,0.0048257768154144065
1,0.9759595791101455,0.0008645177679682706,0.001077668368816287,0.004170918464660667
2,0.9786338118314742,0.0006828131637207788,0.0008377522230147427,0.0038249909877777766
3,0.9801812394857408,0.0006407702437911991,0.0007686048746109453,0.0030849397182464156
4,0.9812732557058333,0.0007261885528471514,0.0008291766047477944,0.0045604407787323
5,0.9803882153630257,0.0012052712293303335,0.0018188655376435436,0.0052547812461852805
