subset_index,mean_total,std_total,iqr_total,range_total
0,41.16,4.118742575597607,6.0,20
1,29.33,2.274385253827566,3.0,11
2,23.29,4.837344208333639,7.0,22
3,17.24,2.704728370013439,4.0,14
4,12.1,3.526236440504725,5.0,17
5,9.74,2.93918149810247,3.0,14
