subset_index,mean_metric,std_metric,iqr,range_metric
0,0.8333867338903829,0.02480856154740642,0.04002932831644723,0.10057038068932922
1,0.8475829668350806,0.014734008441052358,0.018845891952493976,0.0800973892209752
2,0.8686392945654299,0.011197523266032013,0.011293287575528166,0.04410510659184963
3,0.8638343542225858,0.010715259457860605,0.014663702249490651,0.05150133371344734
4,0.8725601305074349,0.008648912016391574,0.00787523537847945,0.05412122905262551
5,0.8696013265853257,0.008994845260343484,0.011979435384267823,0.043348884582413705
