subset_index,mean_metric,std_metric,iqr,range_metric
0,4.1160000000000005,0.41187425755976076,0.6000000000000005,2.0
1,2.9330000000000003,0.22743852538275663,0.30000000000000027,1.1
2,2.329,0.4837344208333637,0.7000000000000002,2.2
3,1.724,0.2704728370013439,0.3999999999999999,1.4
4,1.21,0.3526236440504726,0.4999999999999999,1.6999999999999997
5,0.9740000000000001,0.293918149810247,0.30000000000000004,1.4
