subset_index,mean_total,std_total,iqr_total,range_total
0,39.86,4.752500670832425,7.0,23
1,35.67,5.259056642371974,6.25,24
2,38.22,5.4746062078758815,7.25,29
3,46.66,4.763539978977097,7.0,25
4,46.38,5.506249892511952,7.0,25
5,48.06,4.832173319521867,5.5,29
6,26.62,4.785879904954412,7.25,20
