subset_index,mean_metric,std_metric,iqr,range_metric
0,3.986,0.4752500670832423,0.6999999999999997,2.3000000000000003
1,3.5669999999999997,0.5259056642371973,0.625,2.4000000000000004
2,3.822,0.5474606207875881,0.7250000000000001,2.9
3,4.666,0.47635399789770977,0.7000000000000002,2.4999999999999996
4,4.638,0.5506249892511954,0.7000000000000002,2.5
5,4.806,0.4832173319521869,0.5500000000000007,2.9
6,2.662,0.4785879904954414,0.7250000000000001,2.0
