subset_index,mean_metric,std_metric,iqr,range_metric
0,0.9040155318379403,0.0036056338659894863,0.0047533154487610085,0.016545277833938665
1,0.9057473759055138,0.002587153306488307,0.0030507147312164307,0.01190220117568963
2,0.8854006965756416,0.006303914328650847,0.008312313258647785,0.031031388044357344
3,0.9044670531749724,0.0034250753103981404,0.005131086707115151,0.01527868509292607
4,0.9003331586718559,0.004037667272600236,0.004104439914226488,0.02075982093811035
5,0.8961060974001884,0.004098982265930846,0.004615955054759979,0.02334129810333252
6,0.9073529829978944,0.002093738044537031,0.0026611670851707236,0.014255714416503862
