subset_index,mean_total,std_total,iqr_total,range_total
0,101.88,10.813646447658138,13.5,54
1,82.8,7.1194710960062695,9.0,35
2,119.01,7.44745227944063,9.25,43
3,85.7,7.217403209666833,8.25,36
4,106.18,7.513462664585565,10.0,40
5,115.01,7.33263770805402,8.25,38
6,74.97,7.331204925287905,11.0,33
