subset_index,mean_metric,std_metric,iqr,range_metric
0,0.5965572170754421,0.02577211200968783,0.03148122802473652,0.12232787012918411
1,0.5497009454639104,0.03179704042768067,0.04943879023052189,0.13826801478316958
2,0.48517932341668674,0.031637090507946865,0.04933720938431402,0.18718089740672406
3,0.5529803401442404,0.027665760257338044,0.04133127620449373,0.1383884683240848
4,0.3944562297848545,0.033139412283662566,0.04961756354083602,0.18203334491305373
5,0.5653949680044622,0.03887239330640818,0.054390899205550514,0.1807005201464303
6,0.594092247462652,0.04266810854071176,0.06763790199512121,0.18218220278962693
