subset_index,mean_metric,std_metric,iqr,range_metric
0,10.187999999999999,1.0813646447658134,1.3500000000000014,5.3999999999999995
1,8.28,0.7119471096006268,0.8999999999999995,3.5
2,11.901,0.7447452279440634,0.9250000000000007,4.300000000000001
3,8.57,0.7217403209666833,0.8250000000000011,3.6000000000000005
4,10.618,0.7513462664585562,1.0,4.0
5,11.501,0.7332637708054023,0.8250000000000011,3.8000000000000007
6,7.497000000000001,0.7331204925287906,1.0999999999999996,3.3000000000000007
