subset_index,mean_metric,std_metric,iqr,range_metric
0,17.664,0.5776161390061777,0.8000000000000007,2.8000000000000007
