subset_index,mean_metric,std_metric,iqr,range_metric
0,0.9581988090872764,0.0009488037023640154,0.0012206941843033725,0.004332381486892745
