subset_index,mean_metric,std_metric,iqr,range_metric
0,0.7213244655061058,0.025041874351278845,0.023613064557023722,0.14904035627714107
