subset_index,mean_total,std_total,iqr_total,range_total
0,4.07,1.9604936504705526,2.25,7
1,4.65,1.6537377315791295,2.0,7
2,2.9,0.9898474527915802,0.0,4
3,4.66,1.609441838123711,3.0,6
4,5.18,2.1100050265630204,4.0,11
5,3.93,1.765293920643989,2.0,8
6,5.54,2.479898987841841,4.0,11
