subset_index,mean_metric,std_metric,iqr,range_metric
0,0.8490003526810707,0.014287023823481002,0.02144674807804081,0.053947895765343645
1,0.8419540256861453,0.01443764049330972,0.024241487681875507,0.061552608013263566
2,0.8503598767522653,0.011808205604238498,0.01812743842618847,0.04846657514568786
3,0.8445824135545843,0.016966898583033758,0.030009490251546977,0.06020320653909683
4,0.8414155040387722,0.015530183865287454,0.025641150772522048,0.059348028898399074
5,0.8493098140958728,0.013207900770510386,0.022260162234277736,0.049918407201734794
6,0.8408498280648194,0.013984755366890539,0.024679857492473922,0.0557607948781097
