subset_index,mean_metric,std_metric,iqr,range_metric
0,0.9450855607390403,0.012793809321506052,0.019684876501560256,0.048707050085067705
1,0.9370349442362786,0.013428695734607504,0.021308439970016524,0.057121002674102805
2,0.9432627604007721,0.012525095970251698,0.01679436266422263,0.05360940694808958
3,0.9442229769825936,0.015195290462647983,0.02905801683664322,0.050184118747711226
4,0.9407647525668145,0.012068707941965821,0.018446323275566057,0.04311495423316947
5,0.9442507579922677,0.012666322779010088,0.024048274755477883,0.0479686915874481
6,0.9389825727939606,0.01193681706194043,0.018111830949783414,0.04850391149520872
