subset_index,mean_metric,std_metric,iqr,range_metric
0,7.04,0.5222329678670935,0.8000000000000007,2.500000000000001
