subset_index,mean_metric,std_metric,iqr,range_metric
0,0.8939258264303207,0.00203630052581521,0.0028104066848754217,0.010023814439773515
