subset_index,mean_metric,std_metric,iqr,range_metric
0,6.691,0.5416202777338797,0.7999999999999998,2.5
