subset_index,mean_metric,std_metric,iqr,range_metric
0,0.9051424207091331,0.0017254229083527915,0.002824103832244851,0.00819551944732666
