subset_index,mean_metric,std_metric,iqr,range_metric
0,19.507,0.3052586252390391,0.3999999999999986,1.1999999999999993
1,20.0,0.0,0.0,0.0
2,19.829,0.23753574956884388,0.3000000000000007,0.8999999999999986
3,18.775,0.1996840939427508,0.29999999999999716,0.9000000000000021
4,19.421,0.34853082700636034,0.40000000000000213,1.6000000000000014
5,19.046,0.39039477559014607,0.6000000000000014,1.8999999999999986
6,19.779,0.2671567466352426,0.3249999999999993,1.0
