subset_index,mean_total,std_total,iqr_total,range_total
0,195.07,3.052586252390392,4.0,12
1,200.0,0.0,0.0,0
2,198.29,2.375357495688431,3.0,9
3,187.75,1.9968409394275077,3.0,9
4,194.21,3.485308270063603,4.0,16
5,190.46,3.903947755901466,6.0,19
6,197.79,2.671567466352426,3.25,10
