subset_index,mean_metric,std_metric,iqr,range_metric
0,0.9418772892355919,0.0013411357774109887,0.0017374113202095476,0.007513475418090887
1,0.9315475244522095,0.0017524256620764906,0.0013545393943786843,0.012307780981063776
2,0.9473610349893571,0.000811900267945316,0.0011498540639877097,0.0036815285682677557
3,0.9378865928053856,0.001045509998029886,0.0015403151512145552,0.005117887258529685
4,0.9430903214812278,0.0013772358906830552,0.0016340270638465215,0.006768751144409113
5,0.9388765324950218,0.0011069108860608588,0.001293225586414315,0.006564086675643899
6,0.9383310731053353,0.001833648190749127,0.002713070809841067,0.009982466697692871
