subset_index,mean_metric,std_metric,iqr,range_metric
0,0.23510603380234582,0.03344927191474983,0.04446220903206996,0.1689778688056327
1,0.4137914357824558,0.03814651497852161,0.0500846121771254,0.20385331362446946
2,0.3914702053830784,0.032719535146893595,0.04850171021931393,0.16396657479978238
3,0.3156366431460288,0.04106858384027568,0.052752675669975546,0.20012313102237017
4,0.31942018995170496,0.04533385444505196,0.048739203058585034,0.22233448846692322
5,0.32224997021283963,0.03854877981342428,0.055287984382370536,0.19831491067361323
6,0.25663928445813444,0.025786095384594972,0.03621718972140542,0.11878894003269969
