subset_index,mean_metric,std_metric,iqr,range_metric
0,15.7,0.6458883163300891,0.9000000000000021,3.5
1,17.389,0.718710264602117,0.9250000000000007,3.299999999999999
2,18.307000000000002,0.4944653269906389,0.5,2.5
3,15.844000000000001,0.6601683287027805,0.9000000000000004,2.9000000000000004
4,18.461,0.5695816292009708,0.8999999999999986,2.599999999999998
5,17.504,0.664681893992924,0.8499999999999943,3.1999999999999993
6,17.262,0.6886936836496982,0.8249999999999993,3.5
