subset_index,mean_metric,std_metric,iqr,range_metric
0,0.9672394680380821,0.0017909850081903613,0.00216219723224631,0.009215003252029397
1,0.9655619415640831,0.0014631821502062922,0.0018353879451751265,0.00679243206977842
2,0.9578478810191154,0.0019246014173621244,0.002073003351688363,0.010604345798492454
3,0.9630087214708328,0.0025786460123895178,0.003543588519096308,0.011240106821060136
4,0.9561625401973725,0.003207342833007379,0.004553687572479093,0.013788759708404541
5,0.9568849277496337,0.0019888679803402544,0.0023833408951760005,0.009970128536224365
6,0.9624695345163345,0.0026094341057579106,0.0031594216823578325,0.01034512519836428
