subset_index,mean_total,std_total,iqr_total,range_total
0,157.0,6.458883163300893,9.0,35
1,173.89,7.1871026460211676,9.25,33
2,183.07,4.944653269906389,5.0,25
3,158.44,6.601683287027807,9.0,29
4,184.61,5.695816292009711,9.0,26
5,175.04,6.6468189399292354,8.5,32
6,172.62,6.886936836496978,8.25,35
