subset_index,mean_metric,std_metric,iqr,range_metric
0,0.4542934017146494,0.03145279211714574,0.04273305404336947,0.17472747330706095
1,0.5065700211603437,0.042805757798011615,0.056850558190938094,0.19260064288910494
2,0.46376183911575714,0.045353840643530464,0.05885566547543719,0.23756742945443698
3,0.48803917394327057,0.03413708696988793,0.050121031563128526,0.15358143830578735
4,0.17511541147607398,0.03450546137404979,0.04667783480846563,0.15109426293793662
5,0.31391063069893416,0.04787171096370078,0.07428697127214129,0.2096286590925891
6,0.37116153009313324,0.042429984811134476,0.05538061632227653,0.22515305763277071
