subset_index,mean_total,std_total,iqr_total,range_total
0,172.97,6.18968676285175,8.0,30
1,100.62,7.530114624799964,9.25,41
2,149.55,4.899752622079578,6.25,25
3,107.98,6.587376970656481,9.0,29
4,168.84,5.6990518438764814,8.0,27
5,150.95,5.578412576054849,8.0,30
6,140.67,6.208588056600763,7.0,36
