subset_index,mean_metric,std_metric,iqr,range_metric
0,0.5030426983675408,0.026149181761622606,0.033116482575629436,0.1272215291971992
1,0.49876495814485716,0.04127695467911631,0.06562640476613552,0.181899606984891
2,0.23758482313625065,0.04318886072593692,0.055897509126206196,0.21685740836170173
3,0.543331880705079,0.04602107394171664,0.06131742044973709,0.20785837246382255
4,0.26518901425872937,0.032167653643094,0.04417395105931918,0.17550271348223792
5,0.2974112397030351,0.03696243794018328,0.04698140201998535,0.18068605695705947
6,0.3265168857378239,0.036211395826416116,0.04753739740537333,0.17753811806206146
