subset_index,mean_metric,std_metric,iqr,range_metric
0,0.8758487523198127,0.0022955995148258917,0.0029519245028496455,0.012045347690582298
1,0.8969884958863258,0.0015978055003673405,0.0023458212614059226,0.008393234014511197
2,0.8855823028087616,0.0029619865429167226,0.003121984004974321,0.01628305315971368
3,0.8929700444340706,0.002630846224163584,0.003480766713619299,0.012333035469055176
4,0.863627275466919,0.0038525497364275667,0.004920887947082564,0.021846973896026634
5,0.8858866490125656,0.0040796438298196505,0.005237801373004891,0.01998780965805047
6,0.878409024477005,0.0016477671413678092,0.0018230229616165161,0.007767349481582642
