subset_index,mean_metric,std_metric,iqr,range_metric
0,17.297,0.6189686762851748,0.8000000000000007,3.0000000000000018
1,10.062000000000001,0.753011462479996,0.9250000000000007,4.1
2,14.955,0.4899752622079584,0.625,2.5
3,10.798,0.6587376970656484,0.9000000000000004,2.9000000000000004
4,16.884,0.5699051843876483,0.8000000000000007,2.700000000000001
5,15.095,0.5578412576054845,0.8000000000000007,3.0
6,14.067,0.620858805660076,0.7000000000000011,3.5999999999999996
