subset_index,mean_metric,std_metric,iqr,range_metric
0,0.6248873207059529,0.022850929982645894,0.02741687650341762,0.1212873890937699
1,0.4276815476424062,0.030537088603229016,0.041040647051189094,0.16729381717610203
2,0.5400720455874758,0.037452898962235776,0.05332922812713481,0.17973237484907928
3,0.5588405995450509,0.04303595096877943,0.05676182899677773,0.1930155076080169
4,0.6118068506669769,0.03485268060936692,0.04785558283288616,0.14904822110559812
5,0.5448746886614206,0.02265483623797096,0.027539363316237186,0.13389354282791782
6,0.6012448794629104,0.03539909452069205,0.04584960811833294,0.178130113567882
