subset_index,mean_total,std_total,iqr_total,range_total
0,95.45,5.182283339037013,8.0,29
1,127.42,4.0878731720427774,6.0,18
2,108.42,5.44797247059895,7.0,35
3,113.69,5.575369716417688,8.0,27
4,121.98,6.319730207769148,9.0,30
5,115.84,6.370259179986483,10.0,31
6,86.81,6.953953893108204,10.25,33
