subset_index,mean_metric,std_metric,iqr,range_metric
0,9.545,0.5182283339037015,0.8000000000000007,2.9000000000000004
1,12.742,0.40878731720427786,0.5999999999999996,1.799999999999999
2,10.842,0.544797247059895,0.6999999999999993,3.5
3,11.369000000000002,0.5575369716417686,0.8000000000000007,2.700000000000001
4,12.198,0.6319730207769149,0.9000000000000004,3.0
5,11.584000000000001,0.6370259179986477,1.0,3.0999999999999996
6,8.681000000000001,0.6953953893108206,1.0250000000000004,3.3000000000000007
