subset_index,mean_metric,std_metric,iqr,range_metric
0,0.9701881698966026,0.0006410377383778241,0.0007547587156295776,0.0037936627864837424
1,0.9610742998719215,0.0011241803517570018,0.0011210262775420698,0.008508503437042236
2,0.9701691990494729,0.0006617454254092868,0.0009056895971297774,0.00288290977478034
3,0.9710478116273881,0.0010332605420924595,0.0013349458575249162,0.006764775514602639
4,0.9695496830940246,0.0009204946448046451,0.001156352460384369,0.005292737483978294
5,0.9714929072856903,0.0005608783083856234,0.0006825193762778348,0.002844917774200373
6,0.9723431311249733,0.0005770697732219884,0.0006617069244385654,0.0033367812633514626
