subset_index,mean_metric,std_metric,iqr,range_metric
0,0.44522888603188226,0.043332513451027316,0.05716497152333544,0.19153490066898238
1,0.4111920111924146,0.05997591374244424,0.089327294324972,0.25931966062636447
2,0.5206287676452503,0.051971518796073715,0.06488350256113262,0.2711795243428815
3,0.5729668891423791,0.03780544236861046,0.05038279443363014,0.1728489685824668
4,0.48944819595658445,0.03693078268761416,0.04628765066996432,0.18103010969318584
5,0.37522981169764014,0.031063432048173696,0.03701885861103765,0.16005385500447206
6,0.6802344816258852,0.040195293125156115,0.053595012050368096,0.1772046208706861
