subset_index,mean_metric,std_metric,iqr,range_metric
0,5.561,0.5329345099720901,0.8250000000000002,2.7
1,4.676,0.5993464454021246,0.6250000000000009,3.6
2,2.338,0.4467118927804756,0.5,2.1
3,3.682,0.4479763702281944,0.6000000000000001,2.4000000000000004
4,5.126,0.4138071575460767,0.5,2.3000000000000007
5,3.6910000000000003,0.2792829924986301,0.3999999999999999,1.4
6,6.307,0.49974842155677185,0.6999999999999993,2.5
