subset_index,mean_metric,std_metric,iqr,range_metric
0,0.905632077217102,0.004787801315880708,0.0020748749375343323,0.04888504147529604
1,0.9111019876003266,0.0022933240529908424,0.0027337685227394326,0.012217652797699041
2,0.9164455568790436,0.0020116648827214804,0.002549298107624054,0.011675095558166593
3,0.9134348468780518,0.002325770570881394,0.003097717463970251,0.010492038726806707
4,0.9088026852607727,0.0024818387420207123,0.003517143428325653,0.01485509872436519
5,0.9155114771127701,0.002436014409911609,0.0033596187829972868,0.012271589040756203
6,0.9122432882785797,0.0023582010478001895,0.0032630831003188643,0.01333269476890564
