subset_index,mean_total,std_total,iqr_total,range_total
0,55.61,5.329345099720902,8.25,27
1,46.76,5.993464454021244,6.25,36
2,23.38,4.467118927804758,5.0,21
3,36.82,4.479763702281943,6.0,24
4,51.26,4.138071575460767,5.0,23
5,36.91,2.792829924986301,4.0,14
6,63.07,4.997484215567716,7.0,25
