subset_index,mean_total,std_total,iqr_total,range_total
0,182.21,1.2414963275471818,1.0,9
1,190.34,1.9859099636787199,3.0,10
2,180.96,3.74683704993797,6.0,16
3,200.0,0.0,0.0,0
