subset_index,mean_metric,std_metric,iqr,range_metric
0,0.33313753963036385,0.03421299567285412,0.042556824869654175,0.19753408994092253
1,0.36690676280204465,0.04769858345640591,0.06705618388455481,0.24713524206697202
2,0.25727441124228084,0.04681257503314047,0.06953638068495344,0.2003151769764445
3,0.31660385362864046,0.035978402883684965,0.042446489424705525,0.20424239594835542
