subset_index,mean_metric,std_metric,iqr,range_metric
0,18.221,0.12414963275471748,0.10000000000000142,0.8999999999999986
1,19.034000000000002,0.19859099636787145,0.3000000000000007,1.0
2,18.096,0.37468370499379716,0.5999999999999979,1.5999999999999979
3,20.0,0.0,0.0,0.0
