subset_index,mean_metric,std_metric,iqr,range_metric
0,0.8461943457722664,0.0028224283651082987,0.003378450870513916,0.017747145891189642
1,0.8391221280694008,0.0020101712202292535,0.0028620153665542825,0.011545062065124512
2,0.8513720522522926,0.0025840110060625,0.0034234926104547148,0.015417921543121382
3,0.8319762476086616,0.0020903048210011124,0.0023746460676192793,0.010803312063217163
