subset_index,mean_metric,std_metric,iqr,range_metric
0,2.363,0.4398473105131557,0.5499999999999998,2.0
