subset_index,mean_metric,std_metric,iqr,range_metric
0,0.9272672024965286,0.002523524015829924,0.0033070579171181613,0.011438143253326483
