subset_index,mean_metric,std_metric,iqr,range_metric
0,0.648878087286952,0.028930746936953515,0.04402681980198897,0.12713707685589015
