subset_index,mean_metric,std_metric,iqr,range_metric
0,0.9438574350476264,0.0016625721299245427,0.0022513449192047563,0.008527976274490312
