subset_index,mean_total,std_total,iqr_total,range_total
0,2.92,1.088785812478536,2.0,5
1,3.76,1.5577761927397231,2.0,7
2,8.97,3.1637306963760237,4.0,15
3,4.06,1.884653599980429,2.0,8
4,2.59,1.4431657121506432,2.25,6
5,3.07,1.653004610527219,2.0,8
6,6.49,1.5537182511769645,2.25,6
7,10.4,2.0250950844368028,3.0,9
8,7.17,2.4497165368897504,4.0,12
9,4.31,2.281657203867311,4.0,9
