subset_index,mean_metric,std_metric,iqr,range_metric
0,0.3840392827276775,0.02462232287947289,0.028433449744628747,0.12148499386540063
1,0.25987548655270687,0.03744889085097158,0.057719934992700894,0.15321914609893808
2,0.38018142820802353,0.046117826031557854,0.06152569623892723,0.20216983557256824
3,0.36412559724866744,0.04269745979267363,0.06038643843905689,0.19802611879721432
4,0.23834442454644067,0.03475085721620415,0.04905686717217267,0.17653250668488052
5,0.41193686655309736,0.0259670155226031,0.03285148664874521,0.1321263536815238
6,0.32327228127613394,0.03126086741697082,0.04335086662196813,0.16072959559454195
