subset_index,mean_metric,std_metric,iqr,range_metric
0,0.8724637876451016,0.01596499914138577,0.01184087544679635,0.07416014969348905
1,0.8948905120491982,0.006485479393777937,0.007255108654498965,0.04680320024490359
2,0.8718439831882715,0.015741201040116063,0.015025672316551164,0.08259750157594681
3,0.8244388471841811,0.03578286420634296,0.06791711933910849,0.10874320268630977
4,0.8775519608259201,0.011325761491899601,0.012650336325168654,0.060604590177536055
5,0.8679306288361549,0.021944718723480604,0.02068591266870501,0.108088506013155
6,0.882313406854868,0.01593303238172131,0.009720246493816309,0.09420752227306373
