subset_index,mean_metric,std_metric,iqr,range_metric
0,0.8278437891606084,0.013987994579978333,0.020014677941862846,0.05993459820755531
1,0.8286075097325698,0.016489565178784513,0.02132639139889836,0.0784402728080299
2,0.8270048434737889,0.011819831269388974,0.018240244686539286,0.052496844530087294
3,0.8234667230847883,0.01882605082493239,0.028337757289372156,0.07776781320562975
4,0.8239014368060613,0.012429098992528193,0.018054202199033198,0.07465909123418579
5,0.8301132485869875,0.016324133208174153,0.028286300599531744,0.06552863121040653
6,0.842667499780997,0.013295045787779817,0.0191651433706157,0.059287935495244026
7,0.8279614013138896,0.014326190819748572,0.01965732425450395,0.06988095641143444
