subset_index,mean_metric,std_metric,iqr,range_metric
0,0.9259164814352989,0.0126204134906585,0.018805953860282942,0.05003861784935004
1,0.9326696167588234,0.013513657388265203,0.022503995895385653,0.05261784791946411
2,0.9229704700708389,0.009970454132415124,0.015147908031940549,0.038243955373764016
3,0.9313573034405708,0.011649650084179449,0.018244501948356584,0.04818847179412844
4,0.925530550479889,0.011347417337448098,0.014469316601753213,0.053254783153533936
5,0.9297370497584343,0.012981518175633486,0.02214073985815046,0.046522730588912986
6,0.9379868789315223,0.012425487499134986,0.018578407168388433,0.05524186491966243
7,0.9331215246319771,0.008628415060698228,0.01059452742338185,0.04022131562232967
