subset_index,mean_metric,std_metric,iqr,range_metric
0,0.5131824445317126,0.02572737934383376,0.033784530650901756,0.12257323600493286
