subset_index,mean_metric,std_metric,iqr,range_metric
0,0.8933558191061021,0.004366430846576672,0.004553237557411216,0.02278989553451538
