subset_index,mean_metric,std_metric,iqr,range_metric
0,12.908,0.8227423962000804,1.0999999999999996,4.0
