subset_index,mean_metric,std_metric,iqr,range_metric
0,0.9010673955082893,0.003362482711178226,0.0041389301419257896,0.01889165043830876
