subset_index,mean_total,std_total,iqr_total,range_total
0,39.73,4.786038196270647,5.0,25
1,34.56,5.067862697748658,7.0,28
2,26.09,5.410604999872607,7.25,24
3,44.79,5.509028402485682,6.0,29
4,64.13,7.6839791354177525,6.25,44
5,27.81,3.597684440488539,5.0,17
6,55.6,4.422166387140532,5.0,26
