subset_index,mean_metric,std_metric,iqr,range_metric
0,0.975136973798275,0.0008842169222254691,0.001144821941852503,0.004022288322448775
1,0.9737245503664016,0.0006754432679798796,0.0008093357086181863,0.0035105466842652033
2,0.973420184969902,0.0005602415509246831,0.0007648497819900957,0.002931869029998757
3,0.9722811704277993,0.000752724435191679,0.0008829072117804149,0.0036501288414001465
4,0.9676957239732147,0.019926019080824746,0.0013716608285904153,0.09447108730673792
5,0.9737794132828712,0.0006812028625746645,0.0007813751697540727,0.0034266650676726407
6,0.9693182911276818,0.0011512409127659006,0.0015994116663932134,0.005068612098693803
