subset_index,mean_metric,std_metric,iqr,range_metric
0,0.7008470679302136,0.03133162656513802,0.036895761804222715,0.17386754638117996
1,0.68992947590485,0.04552912120691869,0.06540853530115542,0.2515195904402978
2,0.7402649878701726,0.031789780989793154,0.04205222204303716,0.1678791136876262
3,0.7219124805539415,0.03668623078027203,0.054548022150288755,0.13187205036854288
4,0.6616240682295655,0.04564794293747634,0.05658419811864268,0.2778896432132765
5,0.7348731148193205,0.039377236126605646,0.050454951636398904,0.16549325398973858
6,0.638107575991453,0.03709810520401069,0.04645459995149359,0.2007200348137519
