subset_index,mean_metric,std_metric,iqr,range_metric
0,3.9730000000000003,0.47860381962706483,0.5,2.5
1,3.4560000000000004,0.506786269774866,0.6999999999999997,2.8000000000000003
2,2.609,0.5410604999872608,0.7249999999999996,2.4
3,4.479,0.5509028402485682,0.6000000000000005,2.9
4,6.412999999999999,0.7683979135417752,0.625,4.3999999999999995
5,2.781,0.3597684440488539,0.5,1.6999999999999997
6,5.56,0.44221663871405326,0.5,2.6000000000000005
