subset_index,mean_metric,std_metric,iqr,range_metric
0,4.038,0.21404238228477407,0.20000000000000018,1.0000000000000004
