subset_index,mean_metric,std_metric,iqr,range_metric
0,0.9298824009895325,0.002395495972087862,0.0033253118395806247,0.012020879983902
