subset_index,mean_total,std_total,iqr_total,range_total
0,135.17,6.777942538153085,9.25,36
1,130.72,7.876675707557102,10.0,38
2,126.0,5.896412194519373,8.25,25
3,159.09,4.385686083641005,6.0,20
4,121.66,6.300905819119514,8.0,32
5,144.34,6.510628451100767,9.0,31
6,129.52,5.492841990382859,7.25,26
7,153.62,5.458345477664028,8.25,29
8,112.45,5.898767205565462,8.0,28
9,133.19,5.668796391232668,7.25,26
