subset_index,mean_metric,std_metric,iqr,range_metric
0,0.9279164906144142,0.0030456971373185346,0.002998337149620056,0.020310431718826294
