subset_index,mean_metric,std_metric,iqr,range_metric
0,0.7754457125094819,0.022852960372022387,0.027974928171009994,0.1391482606530009
1,0.7843405753617353,0.02840238634798963,0.03199567943500359,0.13185240402708587
2,0.6289225956781602,0.023693061142105808,0.0323290884516898,0.10619149209059253
3,0.6646890562648676,0.02787849671357209,0.045274541606986185,0.12466592340782057
4,0.7475554509506945,0.01890687109423487,0.0230645880047623,0.09585392475603927
5,0.7319903685792555,0.027415467601107024,0.03989850357525382,0.12620141804764307
6,0.7403730001864094,0.03041854981567986,0.048223538509207575,0.12526501752550956
