subset_index,mean_metric,std_metric,iqr,range_metric
0,20.0,0.0,0.0,0.0
1,20.0,0.0,0.0,0.0
2,19.993,0.04083719833285266,0.0,0.3000000000000007
3,20.0,0.0,0.0,0.0
4,20.0,0.0,0.0,0.0
5,20.0,0.0,0.0,0.0
6,19.372,0.1980103048027573,0.1999999999999993,1.0
