subset_index,mean_total,std_total,iqr_total,range_total
0,200.0,0.0,0.0,0
1,200.0,0.0,0.0,0
2,199.93,0.4083719833285279,0.0,3
3,200.0,0.0,0.0,0
4,200.0,0.0,0.0,0
5,200.0,0.0,0.0,0
6,193.72,1.98010304802757,2.0,10
