subset_index,mean_metric,std_metric,iqr,range_metric
0,0.9453847132921218,0.0006938490282518471,0.0008529245853424738,0.003687018156051658
1,0.9403451272249223,0.0005687903455028936,0.0007582396268845937,0.0025319457054138184
2,0.9418239384293556,0.0006579177616888845,0.0008260875940322432,0.0032033205032347967
3,0.9282792616486549,0.00200298095345695,0.0022642746567724803,0.011871618032455511
4,0.9354858096837998,0.0008579744919574196,0.00124876648187644,0.0047418177127838135
5,0.9361925358772278,0.000681395082234291,0.0008108407258987649,0.0038624346256256326
6,0.9430661205053329,0.0007380805116234865,0.0009262174367903331,0.003730493783950739
