subset_index,mean_metric,std_metric,iqr,range_metric
0,0.4868954030641681,0.02388980299593228,0.03316001928677881,0.1154111795167937
