subset_index,mean_metric,std_metric,iqr,range_metric
0,18.281,0.318041671877295,0.3999999999999986,1.5
