subset_index,mean_metric,std_metric,iqr,range_metric
0,0.8567905638813973,0.006340371939377237,0.008119334280490942,0.029667675495147705
