subset_index,mean_metric,std_metric,iqr,range_metric
0,0.5163715004622936,0.013672533827649054,0.014974909275770165,0.06789529919624326
