subset_index,mean_metric,std_metric,iqr,range_metric
0,0.8642915733456611,0.005351917396546525,0.0071907386183738264,0.029631412029266335
