subset_index,mean_metric,std_metric,iqr,range_metric
0,19.397000000000002,0.28193236526844273,0.40000000000000213,1.1999999999999993
