subset_index,mean_metric,std_metric,iqr,range_metric
0,0.6479810034494129,0.02832028216864658,0.039766960589313505,0.11696854904560983
