subset_index,mean_metric,std_metric,iqr,range_metric
0,5.678,0.5975674595281012,1.0,2.8999999999999995
