subset_index,mean_metric,std_metric,iqr,range_metric
0,0.9080065725445747,0.0021064590361974697,0.0026788711547851562,0.012404096126556463
