subset_index,mean_metric,std_metric,iqr,range_metric
0,0.4705369755127441,0.033130210689228286,0.041046067329760294,0.16415381729510625
1,0.3685394467941244,0.024124370888483664,0.02565060924933671,0.1156351452237433
2,0.3026678791744837,0.03817700190759057,0.05540369577758908,0.1878138154571316
3,0.3432614362487886,0.034382169920172706,0.04483663765073814,0.17323668077944743
4,0.31960843518549303,0.037266124464199815,0.05714839062535648,0.15777307146415476
