subset_index,mean_metric,std_metric,iqr,range_metric
0,0.8952922809123993,0.003405055699442266,0.0036860302090644392,0.01880275607109072
1,0.9023124725222587,0.002483598714088227,0.003522203862667106,0.01032478809356685
2,0.897350946843624,0.0033594097025592983,0.003903691470623083,0.018719452619552657
3,0.8998885872960091,0.00274343460258432,0.003036384284496263,0.013439637422561601
4,0.894319080233574,0.0051896850626215706,0.004613247513771013,0.03083335161209111
