subset_index,mean_metric,std_metric,iqr,range_metric
0,0.8846569302678108,0.001410618233031423,0.0018263161182403564,0.008098113536834761
