subset_index,mean_metric,std_metric,iqr,range_metric
0,9.841000000000001,0.42261690750022124,0.5250000000000004,1.8999999999999986
