subset_index,mean_metric,std_metric,iqr,range_metric
0,0.7249637374694435,0.01823857658888636,0.019700095058406752,0.10483388454481912
