subset_index,mean_metric,std_metric,iqr,range_metric
0,18.227999999999998,0.11898561155692619,0.10000000000000142,0.8000000000000007
1,18.998,0.1792126438540866,0.20000000000000284,0.8999999999999986
2,18.156,0.3646833412618946,0.3999999999999986,1.6000000000000014
3,20.0,0.0,0.0,0.0
