subset_index,mean_metric,std_metric,iqr,range_metric
0,0.9179056979417801,0.0035392698398571875,0.0040795892477035745,0.01708770394325254
1,0.9154514972567559,0.004047201797584794,0.005458292365074113,0.02295010089874272
2,0.9185511032938958,0.0036127567123274544,0.0057686313986777815,0.016699934005737327
3,0.9257243723273276,0.004124552431123205,0.005521768331527732,0.02108303904533393
4,0.9125438970923423,0.002341483462340242,0.0033849403262139477,0.011696499586105413
5,0.9173612708449363,0.002835357284301345,0.003562547266483307,0.012771034240722567
6,0.9166459410786629,0.0047944578100470045,0.006491576135158494,0.022196131944656416
