subset_index,mean_total,std_total,iqr_total,range_total
0,46.09,4.211803999391821,5.25,22
1,53.74,5.237047514264757,6.0,26
2,30.59,3.6462101536867686,5.0,19
3,27.11,3.3451155405752404,4.0,17
4,63.39,5.7064468238594275,7.0,27
5,47.09,4.332389174531297,7.0,19
6,54.56,4.27187182496021,6.0,22
