subset_index,mean_metric,std_metric,iqr,range_metric
0,4.609,0.421180399939182,0.5249999999999995,2.1999999999999997
1,5.374,0.5237047514264758,0.5999999999999996,2.6000000000000005
2,3.0589999999999997,0.36462101536867686,0.5,1.8999999999999995
3,2.7110000000000003,0.33451155405752403,0.3999999999999999,1.7000000000000002
4,6.3389999999999995,0.5706446823859427,0.7000000000000002,2.7
5,4.709,0.43323891745312954,0.6999999999999993,1.9000000000000004
6,5.456,0.4271871824960214,0.5999999999999996,2.2
