subset_index,mean_metric,std_metric,iqr,range_metric
0,0.4488335673571261,0.03719599491338407,0.047989055067537145,0.17907413783829168
1,0.3901037829284544,0.04173596448359832,0.057053854719056385,0.22575407846040196
2,0.5785384664587715,0.034050419760499016,0.039671391379039966,0.1673571346235168
3,0.5642541454913758,0.03763852124819384,0.050209611633093565,0.19960891231627004
4,0.4929441501132358,0.03405106584026943,0.05140806554613686,0.16964455954560842
5,0.5251551715857705,0.032945774189602546,0.03212169740557058,0.19281348818899546
6,0.511201044088465,0.029824007371921354,0.0355954961841507,0.1512611409096023
