subset_index,mean_metric,std_metric,iqr,range_metric
0,0.8970683710575104,0.001943263538613052,0.002781847119331382,0.009488797187805154
1,0.8942997779846192,0.0029347015864575926,0.003755377233028545,0.014033722877502375
2,0.8873565806746483,0.004864661435945865,0.004395772516727514,0.041545855998992964
3,0.87979153072834,0.008361960649347971,0.009677430987358182,0.0482698798179626
4,0.8944602693319321,0.002269027119272798,0.002905310690403007,0.013347554206848189
5,0.8963079845309259,0.0026990435821811092,0.0037806108593940735,0.014430636167526156
6,0.895192978322506,0.0021783643284307075,0.0027981773018836975,0.013702422380447388
