subset_index,mean_metric,std_metric,iqr,range_metric
0,14.966,0.6513730641397976,0.9000000000000004,3.3000000000000007
1,13.526,0.7533923280734948,1.0999999999999996,3.3000000000000007
2,13.738,0.8476682217362016,1.0250000000000004,4.5
3,15.819,0.6611430261373865,0.9000000000000004,3.299999999999999
4,13.245999999999999,0.7085937132836069,0.9249999999999989,3.1999999999999993
5,10.757,0.5857318654314604,0.7999999999999989,3.1999999999999993
6,14.474,0.7357563276910188,1.0,3.5
