subset_index,mean_metric,std_metric,iqr,range_metric
0,0.16695746073134285,0.03401383295208366,0.04067063297191556,0.18553779012665186
1,0.28190747857527154,0.038218241012251415,0.0536877540171099,0.14927966535382375
2,0.17926656725527337,0.03878187606329495,0.053941502006111974,0.18645341009933564
3,0.21625362039017404,0.03356880058300908,0.03553296039076964,0.21504082232562455
4,0.14378880543683029,0.029278502507230374,0.04227128544424953,0.13854464931232396
5,0.11449339253932113,0.03329831902658945,0.0435577471771484,0.2035803012641436
6,0.23597518752649316,0.029539990336378885,0.03909582188215996,0.1461289074876285
