subset_index,mean_total,std_total,iqr_total,range_total
0,149.66,6.513730641397968,9.0,33
1,135.26,7.533923280734945,11.0,33
2,137.38,8.476682217362017,10.25,45
3,158.19,6.611430261373866,9.0,33
4,132.46,7.085937132836077,9.25,32
5,107.57,5.8573186543146,8.0,32
6,144.74,7.357563276910175,10.0,35
