subset_index,mean_metric,std_metric,iqr,range_metric
0,0.9234861378669739,0.0008195876004430051,0.0010804370045662814,0.00412334799766545
