subset_index,mean_metric,std_metric,iqr,range_metric
0,0.24325985558390995,0.030036140842490042,0.040393000788501054,0.14872986790713
1,0.228294057355159,0.021292322410926594,0.030584560287783058,0.10971782430322277
2,0.21553816289858233,0.028676641366247983,0.03683098427630627,0.1568688669973973
3,0.23085938325526303,0.04775065351160633,0.06436466547376204,0.2261546831701424
4,0.16863974858048955,0.05108491670440042,0.07602697643451584,0.22993591824690637
5,0.13649175797632698,0.027788109867675045,0.03767394969978766,0.13279788497618866
6,0.19490721197300634,0.02458589412709313,0.02910461103313719,0.12021231058499895
