subset_index,mean_metric,std_metric,iqr,range_metric
0,0.8577877500653267,0.007520566552076533,0.010649701952934243,0.031977272033691384
1,0.8605875468254089,0.009135705938538947,0.010476514697075001,0.05956977605819702
2,0.8899302101135254,0.006919093570012149,0.008046530187129974,0.03225268125534053
3,0.8508380150049925,0.01334437473292291,0.01137177944183354,0.07490517273545261
4,0.8735641126930713,0.010961468470892865,0.013092219829559326,0.05158872008323667
5,0.8894226591587067,0.007434092661903795,0.008309558033943287,0.04974532127380371
6,0.8517126100063324,0.008199560513076083,0.011722864210605533,0.0429770886898041
