subset_index,mean_total,std_total,iqr_total,range_total
0,4.86,1.4840566843703251,2.0,8
1,4.35,2.4469110603725945,2.0,14
2,3.91,2.6403818211796874,3.0,13
3,4.22,1.360184182418326,2.0,7
4,6.37,4.76022026482987,4.0,22
5,3.75,1.3880805728658823,1.0,7
6,4.84,3.064030487492386,3.0,18
