subset_index,mean_metric,std_metric,iqr,range_metric
0,13.11,0.5470767124388768,0.8000000000000007,2.6000000000000014
1,10.209,0.522057893767008,0.7999999999999989,2.1000000000000014
2,12.247,0.5444773232702677,0.6999999999999993,3.0999999999999996
3,16.695999999999998,0.3452184200991565,0.3999999999999986,1.700000000000001
4,12.755999999999998,0.5848802001135347,0.8999999999999986,2.4000000000000004
5,8.92,0.6239334333828646,0.8000000000000007,3.3000000000000007
6,11.562000000000001,0.5227703978697423,0.7000000000000011,2.3000000000000007
