subset_index,mean_metric,std_metric,iqr,range_metric
0,0.6460523379258137,0.02912834838257301,0.04064520490592438,0.1262626599528507
