subset_index,mean_metric,std_metric,iqr,range_metric
0,0.9356705818772316,0.0022942573761863343,0.0030789762735365933,0.010576659440994285
