subset_index,mean_total,std_total,iqr_total,range_total
0,31.52,4.533778944230906,5.0,23
1,37.73,4.906921518414453,7.0,25
2,40.79,4.851939110429266,7.0,26
3,34.59,5.019346410025751,6.25,22
4,22.3,3.4480268109295333,4.0,17
5,28.84,7.409685171681339,9.25,33
6,14.36,5.048292040408571,8.0,22
