subset_index,mean_metric,std_metric,iqr,range_metric
0,0.5806011027357261,0.03185613351936756,0.04599730074465014,0.15482572484325358
1,0.6371656547809801,0.04466946551677521,0.060865538613477654,0.20183393210758105
2,0.6659801612244852,0.035534960183932526,0.047821955383597126,0.17218768298904563
3,0.5940436514208236,0.047873347644524535,0.06382344942317364,0.1995319527525118
4,0.654642785834913,0.04628639025306442,0.056564350797850715,0.22264514888813958
5,0.7284031909378587,0.034471604475186025,0.05900057404663006,0.14608914852243726
6,0.7735634371794375,0.03481050326342028,0.04036780223250391,0.15149389505373445
