subset_index,mean_metric,std_metric,iqr,range_metric
0,3.1519999999999997,0.45337789442309084,0.5,2.3
1,3.773,0.490692151841445,0.6999999999999997,2.5
2,4.079,0.48519391104292653,0.7000000000000002,2.5999999999999996
3,3.4589999999999996,0.501934641002575,0.6249999999999996,2.2
4,2.23,0.34480268109295326,0.3999999999999999,1.7000000000000002
5,2.884,0.7409685171681344,0.9249999999999998,3.3
6,1.436,0.5048292040408571,0.8,2.1999999999999997
