subset_index,mean_metric,std_metric,iqr,range_metric
0,0.9185228081345558,0.003138482608152261,0.0038911119103431924,0.015166497230529763
1,0.9121164281368256,0.003005703379443898,0.0036837965250015037,0.014125233888626187
2,0.9214083574414254,0.005667746720040132,0.00864462107419961,0.02639424204826346
3,0.9141071478128433,0.0033187862436483803,0.005362498760223433,0.014690303802490257
4,0.9160206539034843,0.002377778922304768,0.003627192974090643,0.011964166164398216
5,0.9123973674178123,0.003054500064230939,0.004502953588962688,0.013079786300659202
6,0.9196084685921668,0.004325238167249818,0.006007735431194261,0.01916409134864816
