subset_index,mean_total,std_total,iqr_total,range_total
0,84.65,6.118980241177382,9.25,29
1,94.0,6.078609623054843,8.0,31
2,105.66,6.312117575174617,7.25,31
3,90.3,6.3460796774644574,9.25,28
4,121.25,6.5031072604105224,9.0,42
5,118.54,9.003276620152791,12.25,45
6,84.56,6.96937021631949,10.0,33
