subset_index,mean_metric,std_metric,iqr,range_metric
0,0.9037709089517594,0.0014970258608058122,0.0020385175943374856,0.007340705394744851
1,0.9013308511376381,0.001813211561296811,0.0020703196525573286,0.009533220529556297
2,0.902493784725666,0.0018308705507809413,0.002304662764072485,0.009378886222839444
3,0.9048554867506027,0.001459201975596136,0.0018418863415718967,0.009151530265808172
4,0.901190642118454,0.001137316385612318,0.0014902174472808394,0.00634418129920955
5,0.9000614710450172,0.001255743813001693,0.0017514035105705705,0.007392966747283847
6,0.9044945129752159,0.001618790284306348,0.002143645286560081,0.009950256347656228
