subset_index,mean_metric,std_metric,iqr,range_metric
0,8.465,0.6118980241177383,0.9250000000000007,2.8999999999999995
1,9.4,0.6078609623054844,0.8000000000000007,3.0999999999999996
2,10.565999999999999,0.6312117575174621,0.7250000000000014,3.0999999999999996
3,9.03,0.634607967746445,0.9250000000000007,2.8000000000000007
4,12.125,0.6503107260410524,0.9000000000000004,4.200000000000001
5,11.854000000000001,0.9003276620152796,1.2250000000000014,4.5
6,8.456,0.6969370216319488,1.0,3.3
