subset_index,mean_metric,std_metric,iqr,range_metric
0,0.5768144968153432,0.0308262001574653,0.044839024129458394,0.12946840748232968
1,0.5677138034203175,0.025774121278312394,0.03511829376227904,0.10668887197935184
2,0.5349963020278402,0.028373300962737,0.04487984209927831,0.12958734196680272
3,0.5170436167311679,0.03321769835452014,0.04862009958972763,0.1771304283226029
4,0.5691577645125254,0.03407622577674836,0.048257201982987,0.17829075903520408
5,0.3566683165062705,0.027629637905652635,0.0326521903344012,0.1526693966251329
6,0.5852747279474829,0.030293124059729976,0.03587207048874719,0.15251829922843113
