subset_index,mean_total,std_total,iqr_total,range_total
0,199.87,0.6614187383758854,0.0,6
1,200.0,0.0,0.0,0
2,199.77,0.6794977348874532,0.0,4
3,196.81,2.4441023635757055,4.0,11
4,200.0,0.0,0.0,0
5,200.0,0.0,0.0,0
6,200.0,0.0,0.0,0
