subset_index,mean_metric,std_metric,iqr,range_metric
0,0.9180277482867241,0.005842448644712941,0.005707795917987757,0.042102360725402854
1,0.9054521057605743,0.002765180092332032,0.003703561425209001,0.013141268491745017
2,0.9288002566099166,0.002147402858867432,0.00307452827692023,0.009559863805770896
3,0.9114551897644997,0.0038465616770552206,0.005815698206424691,0.020469659566879295
4,0.9115030286312102,0.006334060427580039,0.004411318898201011,0.03875506520271299
5,0.921761404633522,0.0019396994496839058,0.002516199648380346,0.009051972627639793
6,0.9253524479866028,0.0023680386002178175,0.003213147819042139,0.01122925281524656
