subset_index,mean_metric,std_metric,iqr,range_metric
0,0.28826528516580885,0.03481700674036199,0.0505056273723532,0.14792430103923213
1,0.4662673519644466,0.03935072189048393,0.06007445023176844,0.1931700706491184
2,0.34595774880038355,0.045275348813977365,0.06493754553534237,0.2106389641697312
3,0.3649897115597678,0.02896285978892708,0.03846283118189098,0.12874492243789576
4,0.2190524061015985,0.03922797622378512,0.03960365597094975,0.18871230819625356
5,0.34238575676167604,0.04870413757604613,0.07042845737865583,0.22218813822242034
6,0.5185649119716752,0.027143409119475336,0.03193613258093009,0.13989242660183232
