subset_index,mean_metric,std_metric,iqr,range_metric
0,19.987000000000002,0.06614187383758866,0.0,0.6000000000000014
1,20.0,0.0,0.0,0.0
2,19.977,0.06794977348874502,0.0,0.3999999999999986
3,19.680999999999997,0.24441023635757142,0.3999999999999986,1.1000000000000014
4,20.0,0.0,0.0,0.0
5,20.0,0.0,0.0,0.0
6,20.0,0.0,0.0,0.0
