subset_index,mean_metric,std_metric,iqr,range_metric
0,0.8674223455194533,0.004224425876085339,0.0038871899248573705,0.02573361396768936
1,0.8724142421487574,0.0018580130249451125,0.002700562775280857,0.00844954252233876
2,0.8746308664683184,0.0017334652933873277,0.0021914392709776465,0.010305821895599365
3,0.865493548930084,0.0034936240518935145,0.003196874260932181,0.016454809903956646
4,0.8604998040203662,0.004790622513748635,0.0060387149452125755,0.0262469708919022
5,0.869458261609453,0.0018621419739175713,0.0019204109907333677,0.012762445211267459
6,0.8674077697996103,0.002584510545818942,0.0029754146933349546,0.013732486963250135
