subset_index,mean_metric,std_metric,iqr,range_metric
0,11.052,0.4115700414144584,0.5,2.0
1,10.376,0.3714889505813606,0.5,1.6999999999999993
2,9.566,0.46170960307942216,0.6250000000000018,2.4000000000000004
3,8.169,0.360049098784254,0.5,1.8999999999999995
