subset_index,mean_total,std_total,iqr_total,range_total
0,110.52,4.115700414144584,5.0,20
1,103.76,3.714889505813605,5.0,17
2,95.66,4.617096030794222,6.25,24
3,81.69,3.6004909878425413,5.0,19
