subset_index,mean_metric,std_metric,iqr,range_metric
0,0.7264450850461232,0.030171369796858326,0.03878442497224843,0.14509350806926158
1,0.7490191228436056,0.02230801931093477,0.030524680015373007,0.10434326528906013
2,0.741873391281711,0.013302894017353694,0.012868623440851268,0.0686312735105199
3,0.6907585075484911,0.028866739350561138,0.035751894116661576,0.14212694463975428
