subset_index,mean_metric,std_metric,iqr,range_metric
0,0.8969877633452416,0.0006370327238100841,0.000874444842338562,0.0027036488056182417
1,0.8959763976931572,0.0011996841529812805,0.00165389925241477,0.006475913524627619
2,0.8940330709815025,0.0010914621616623927,0.001297086477279663,0.0059129476547240545
3,0.8935064502954484,0.0014851573738119406,0.001981543004512809,0.007380753755569458
