subset_index,mean_metric,std_metric,iqr,range_metric
0,6.853,0.5048161981745373,0.7000000000000002,2.5
