subset_index,mean_metric,std_metric,iqr,range_metric
0,0.40088741054537325,0.036573078024554964,0.048613943161683326,0.15866698770395443
