subset_index,mean_metric,std_metric,iqr,range_metric
0,0.9087262477874757,0.0022654524788259765,0.0034799277782439075,0.00962503552436833
