subset_index,mean_metric,std_metric,iqr,range_metric
0,19.085,0.37936017373222136,0.5,1.8000000000000007
1,20.0,0.0,0.0,0.0
2,20.0,0.0,0.0,0.0
3,19.203,0.2942049721819228,0.3999999999999986,1.2999999999999972
4,16.842,0.39342577239402865,0.5,1.6999999999999993
5,18.89,0.43052704369590494,0.5999999999999979,2.5
6,18.605,0.36135966581898404,0.40000000000000213,2.0
