subset_index,mean_total,std_total,iqr_total,range_total
0,190.85,3.793601737322222,5.0,18
1,200.0,0.0,0.0,0
2,200.0,0.0,0.0,0
3,192.03,2.942049721819221,4.0,13
4,168.42,3.9342577239402976,5.0,17
5,188.9,4.305270436959047,6.0,25
6,186.05,3.6135966581898478,4.0,20
