subset_index,mean_metric,std_metric,iqr,range_metric
0,0.9125058908462524,0.0033350425881118603,0.003310166299342998,0.019359838962554998
1,0.9161005210280418,0.0025076672579612087,0.0033552095293999384,0.013213515281677246
2,0.8814253996610641,0.004873660465442282,0.005741596221923828,0.024436485767364458
3,0.8948580966591835,0.0038165708533997762,0.00560383796691899,0.026747488975524925
4,0.9235958512425423,0.002615398915700126,0.003692139685154028,0.010986953973770142
5,0.9085851238369942,0.0045737846025030345,0.0052349150180817094,0.02600079178810122
6,0.9221925909519196,0.0022315861756775197,0.003261071443557695,0.009829723834991477
