subset_index,mean_metric,std_metric,iqr,range_metric
0,0.19169034221508333,0.04587672526006907,0.059810400298944966,0.2109236785162902
1,0.33460597741141185,0.04639576937224814,0.0645861309757163,0.22781037560358278
2,0.29058384039143215,0.047569411492990654,0.06617271997940327,0.23164040390133886
3,0.16017627217865718,0.04207385693456462,0.06332864560883297,0.19291157240262935
4,0.1726434641726999,0.04644858823698535,0.07084780611312805,0.21012775460165628
5,0.19645188005401962,0.020359294430880585,0.026631642366507474,0.10050862486842282
6,0.30425249153219996,0.034075915508278036,0.04476086398305784,0.14827205892963669
