subset_index,mean_metric,std_metric,iqr,range_metric
0,0.9461914334893227,0.0017331174790496426,0.0020985707640648332,0.009101665019989102
1,0.9450323490500451,0.001982808486676994,0.002558244764804818,0.0100907623767853
2,0.9471480774879456,0.0016959804643002698,0.002283345162868433,0.010261023044586204
3,0.9492269750237464,0.001720884506519163,0.002611768245696977,0.00796453952789311
4,0.947721864759922,0.0016974445190905325,0.002012918889522486,0.00884218811988835
5,0.9463945451974868,0.0026993503698251736,0.00322440266609203,0.011860746145248457
6,0.9469417770504951,0.0017505810376736005,0.0018479436635971958,0.009085428714752153
