subset_index,mean_metric,std_metric,iqr,range_metric
0,0.5284141946838531,0.02875314350156649,0.039259073746575335,0.15186630115054467
