subset_index,mean_metric,std_metric,iqr,range_metric
0,0.9136516104340554,0.0030255361946672993,0.003557451069355011,0.016751140356063843
