subset_index,mean_metric,std_metric,iqr,range_metric
0,0.8992710047364235,0.003632611335426835,0.005157001316547394,0.018360513448715254
