subset_index,mean_metric,std_metric,iqr,range_metric
0,0.5702270458809079,0.02550773442335546,0.03705970533203928,0.12599800331488836
