subset_index,mean_metric,std_metric,iqr,range_metric
0,0.9077073236703873,0.0059776667067781356,0.00410090237855909,0.04389259219169617
