subset_index,mean_metric,std_metric,iqr,range_metric
0,0.37190199542557806,0.03793703554667829,0.04845088870776032,0.18808983088250059
