subset_index,mean_metric,std_metric,iqr,range_metric
0,19.235,0.21432298858112092,0.29999999999999716,1.1999999999999993
1,19.999000000000002,0.009999999999999901,0.0,0.10000000000000142
2,19.714000000000002,0.23051107030976545,0.3999999999999986,0.8999999999999986
3,19.757,0.23148837700167288,0.3999999999999986,1.1000000000000014
4,20.0,0.0,0.0,0.0
5,19.695999999999998,0.2183130918213705,0.29999999999999716,0.8999999999999986
6,20.0,0.0,0.0,0.0
