subset_index,mean_total,std_total,iqr_total,range_total
0,192.35,2.1432298858112118,3.0,12
1,199.99,0.09999999999999913,0.0,1
2,197.14,2.3051107030976548,4.0,9
3,197.57,2.3148837700167295,4.0,11
4,200.0,0.0,0.0,0
5,196.96,2.183130918213703,3.0,9
6,200.0,0.0,0.0,0
