subset_index,mean_metric,std_metric,iqr,range_metric
0,0.16909287608365464,0.029259056485691708,0.039061189942444535,0.14688007601267147
1,0.24414324003616703,0.025898208428329957,0.033632127677132306,0.1263894228264627
2,0.12607159400365267,0.024412712023182497,0.031328272400166,0.13724911182825908
3,0.13327146642452803,0.022806838192127633,0.030966457113232593,0.11350773598939319
4,0.23351291918368988,0.034355483295079925,0.042357572087255935,0.166653763130749
5,0.16096144402937893,0.02480091262093099,0.03258570957142459,0.1305624220998531
6,0.2923129155694644,0.03217856307318678,0.03967811786784475,0.14700443966056614
