subset_index,mean_metric,std_metric,iqr,range_metric
0,0.915587602853775,0.0031454888026327533,0.0025305375456809998,0.02507367730140686
1,0.8794409420490266,0.005355676037938026,0.0060757413506508096,0.037820559740066484
2,0.9118972105383872,0.0031311829736014704,0.0035931661725043806,0.01689889430999758
3,0.8997311532497406,0.0036877169903016733,0.005028019845485621,0.02081061005592344
4,0.8874403624534607,0.003734788691861859,0.00452577918767938,0.019101107120513938
5,0.894000843167305,0.0033099386272899423,0.00387716442346564,0.020280045270919866
6,0.8960825949311257,0.007279721815427498,0.008328795433044434,0.039981293678283625
