subset_index,mean_metric,std_metric,iqr,range_metric
0,6.689,0.5776817130705815,0.7999999999999998,2.7
1,6.412999999999999,0.5624001594896105,0.7999999999999998,3.2
2,4.652,0.4854405475982874,0.6000000000000005,2.3999999999999995
3,5.062,0.4992479192229896,0.6000000000000005,2.7
4,8.081,0.45186370520413366,0.7000000000000002,1.8999999999999995
5,5.081,0.4545382827717053,0.6000000000000005,2.0999999999999996
6,5.462000000000001,0.6028182968274096,0.9000000000000004,2.7
