subset_index,mean_total,std_total,iqr_total,range_total
0,66.89,5.776817130705815,8.0,27
1,64.13,5.624001594896106,8.0,32
2,46.52,4.854405475982874,6.0,24
3,50.62,4.992479192229895,6.0,27
4,80.81,4.518637052041339,7.0,19
5,50.81,4.5453828277170505,6.0,21
6,54.62,6.028182968274097,9.0,27
