subset_index,mean_metric,std_metric,iqr,range_metric
0,0.9105119904875756,0.002143448625927919,0.0032507017254829185,0.009935969114303611
1,0.9080380573272706,0.002176063797312633,0.002247139811515808,0.011493086814880371
2,0.9099895627498626,0.0022981772076648976,0.002878187596797921,0.010936987400054887
3,0.9089078532457351,0.0021474060364304937,0.002824200689792611,0.011058217287063576
4,0.8976271753311157,0.003033281480790412,0.003514915704727173,0.01740856766700749
5,0.9113591665625571,0.002603207468253916,0.0033945620059967485,0.01208605766296389
6,0.9104293649792672,0.0025270417979144986,0.003694619238376662,0.011912679672241189
