subset_index,mean_metric,std_metric,iqr,range_metric
0,0.5675701829565508,0.041883313086852406,0.05872336673556722,0.20466935187459973
1,0.4510492229642182,0.020447708172008746,0.019842038746331836,0.12433559000392669
2,0.6157416651383975,0.02524593829590512,0.036656662079837754,0.11524242208943059
3,0.5680424899770453,0.024149108992853472,0.030727850647854327,0.11941468752882706
4,0.4781872109206028,0.032681320733232586,0.041308516019984365,0.1826198596628621
5,0.3777945688391195,0.03859035657063274,0.046745092606253924,0.1747242371091517
6,0.4535377624934865,0.03416947573070139,0.05073845801981813,0.1586405569740722
