subset_index,mean_metric,std_metric,iqr,range_metric
0,0.16803364106328064,0.031154648794633547,0.04263766880299619,0.14389827233144714
1,0.2543595598015328,0.03876726337393168,0.04941506325522002,0.19181548104093615
2,0.1659816724654663,0.04187378240656542,0.0658938782280453,0.17147153931982756
3,0.08613097248107293,0.03153078518688069,0.04844147063277973,0.14738315175706268
4,0.1528537246936351,0.04080501274618505,0.06377260619164837,0.16448243150855646
5,0.14465899295488913,0.02213826584219018,0.026241384959114877,0.12117753364426348
6,0.2294809470480725,0.029667234657725947,0.039266599222918586,0.1428947534308376
