subset_index,mean_metric,std_metric,iqr,range_metric
0,0.8978338378071785,0.0034830276058339864,0.004498606920242287,0.017300677299499467
1,0.9041563757061958,0.0024909109906259786,0.0031019240617752297,0.013606959581375144
2,0.8940154967308044,0.002326794697249594,0.0026474624872205865,0.014248406887054421
3,0.8983411112427712,0.0033234608229271764,0.003887704014778226,0.023306447267532282
4,0.891214159667492,0.0037195186096923034,0.005571569502353602,0.017417663335800082
5,0.8854414923191071,0.008014335498772004,0.010208933055400826,0.039074212312698364
6,0.8905775865316392,0.0036542953880875865,0.004093502461910314,0.027845305204391546
