subset_index,mean_metric,std_metric,iqr,range_metric
0,10.739,0.5449297980919054,0.5999999999999996,3.0
1,10.081,0.8546598354570278,1.325000000000001,3.5
2,13.684000000000001,0.5604327332382081,0.7999999999999989,2.700000000000001
3,11.917,0.6262046975489106,0.8000000000000007,3.5
4,13.703,0.5151159524266788,0.5999999999999996,2.6999999999999993
5,11.863,0.5202281939085711,0.5999999999999996,2.4000000000000004
6,14.64,0.8297498710363553,1.0500000000000007,4.699999999999999
