subset_index,mean_total,std_total,iqr_total,range_total
0,107.39,5.4492979809190505,6.0,30
1,100.81,8.54659835457028,13.25,35
2,136.84,5.604327332382077,8.0,27
3,119.17,6.262046975489109,8.0,35
4,137.03,5.151159524266788,6.0,27
5,118.63,5.2022819390857125,6.0,24
6,146.4,8.297498710363557,10.5,47
