subset_index,mean_metric,std_metric,iqr,range_metric
0,17.738,0.6376693674799052,0.8999999999999986,3.1000000000000014
