subset_index,mean_metric,std_metric,iqr,range_metric
0,0.9580552362799645,0.0007815931716609007,0.001121240854263461,0.0042372047901153564
