subset_index,mean_metric,std_metric,iqr,range_metric
0,0.7186939459700002,0.024776239099265872,0.024919927862737667,0.15108934342734426
