subset_index,mean_metric,std_metric,iqr,range_metric
0,0.4471979280850237,0.0238762918378997,0.028945543682682873,0.11484989225042036
1,0.5185555889280917,0.018671189521948843,0.02492762208083099,0.10197741835236912
2,0.49571993789309515,0.021360123305744775,0.030887560176678486,0.09299890851057269
3,0.4947626970255442,0.033281584177475995,0.043250194939323916,0.14502289443807304
