subset_index,mean_metric,std_metric,iqr,range_metric
0,0.7392025092244148,0.007223938627863336,0.010055857151746728,0.03235563635826111
1,0.7725598241686821,0.010977919147430994,0.0070788815617561784,0.04872993528842928
2,0.7431085760593414,0.004356263345563611,0.004167851805686906,0.02846042811870575
3,0.726401893645525,0.01569185370739367,0.011087159812450453,0.10634869039058681
