subset_index,mean_metric,std_metric,iqr,range_metric
0,0.9082938668727875,0.0019238921050273375,0.002908195555210158,0.009339547157287575
