subset_index,mean_metric,std_metric,iqr,range_metric
0,5.566,0.5879634428270267,0.7000000000000002,3.0
