subset_index,mean_metric,std_metric,iqr,range_metric
0,0.7498021690535807,0.016543753881365093,0.02260355055337082,0.08899750113469829
1,0.79619574976037,0.010307842226996685,0.012748838960910391,0.04566059112554122
2,0.7946485352225142,0.012797810408009284,0.01609801203015815,0.06830140948253705
3,0.7929573153860062,0.009666655938337166,0.012632562220174282,0.0407034516333723
4,0.7633228810436584,0.012037588353622841,0.01717674136170344,0.051587015390422986
5,0.7999525271660652,0.010811918534630843,0.013301806151802986,0.06018019616581716
6,0.8154656794674182,0.009707834037759744,0.011836749315200623,0.04239904880520584
