subset_index,mean_metric,std_metric,iqr,range_metric
0,0.9726875227689743,0.0006769425353587787,0.0008661359548569614,0.0033214151859284335
1,0.9729061568379401,0.000695343889396659,0.0009538725018501948,0.003292226791381858
2,0.9730391164422035,0.0006873432560028839,0.0008437305688857588,0.0035691916942596214
3,0.9726167889833451,0.0006350212258641209,0.000901173055172011,0.0033173859119415283
4,0.9724829131960868,0.0006194536605797647,0.0009620293974876848,0.0028643548488617165
5,0.9727007184624672,0.0006152115324446289,0.0009594574570656045,0.0030334830284117764
6,0.9726882238984108,0.0006145268036772744,0.0008431389927863187,0.0030253231525421143
