subset_index,mean_metric,std_metric,iqr,range_metric
0,0.95987648832798,0.0011850078625320708,0.0015091329813002874,0.006072413921356268
1,0.961621004641056,0.0007672098809146117,0.0009451463818549444,0.003897774219512873
2,0.9581996002197266,0.0009102835409420266,0.0010839939117431863,0.0037627816200256348
3,0.9636018315553665,0.0010916829505884123,0.0014203190803526722,0.0053293883800505926
4,0.9633749153017998,0.0008033771043528437,0.0010821521282196045,0.0043208837509154385
5,0.9583314001560211,0.00045237891192123397,0.0005054980516432384,0.0024862766265869585
6,0.9614420179128647,0.001269757950133209,0.0017020791769027932,0.006110632419586204
