subset_index,mean_metric,std_metric,iqr,range_metric
0,0.48100715003368494,0.04804833548082041,0.0673835574595536,0.23670565228189394
1,0.5443708239674556,0.0342417159191796,0.05631111039881609,0.16433508543871578
2,0.5940129072339045,0.034990722315732116,0.05017179534431626,0.178348341400125
3,0.32520012356847305,0.045768011380083636,0.05878714243657063,0.23346768691913555
4,0.5761246413299896,0.04684564674902524,0.06607695407986924,0.20500912992592701
5,0.4265016805337503,0.03272190308048519,0.05129808610765296,0.15829284787288106
6,0.4106248945423932,0.04060853574683598,0.05406809151557396,0.22782467623674363
