subset_index,mean_metric,std_metric,iqr,range_metric
0,15.72,0.3425985075474462,0.5250000000000004,1.6000000000000014
1,18.371,0.508571975776738,0.5999999999999979,2.299999999999997
2,18.398,0.32254668442934503,0.40000000000000213,1.8000000000000007
3,18.24,0.5504818825631802,0.7000000000000028,2.8999999999999986
4,17.393,0.5692907158841775,0.8249999999999993,2.6999999999999993
5,16.605999999999998,0.38027634821285067,0.5999999999999979,1.6999999999999993
6,18.41,0.467207478838715,0.5250000000000021,2.299999999999997
