subset_index,mean_total,std_total,iqr_total,range_total
0,157.2,3.4259850754744536,5.25,16
1,183.71,5.0857197577673805,6.0,23
2,183.98,3.2254668442934493,4.0,18
3,182.4,5.504818825631802,7.0,29
4,173.93,5.692907158841772,8.25,27
5,166.06,3.8027634821285075,6.0,17
6,184.1,4.672074788387148,5.25,23
