subset_index,mean_metric,std_metric,iqr,range_metric
0,0.9218353270292282,0.004461479852311634,0.0051634296774865085,0.024428832530975386
1,0.9191495251655578,0.004560204051903967,0.005574704706668876,0.024790018796920776
2,0.9222437872290611,0.004230675677856733,0.005489501357078597,0.021601790189743064
3,0.9265609012842178,0.0044623690991809906,0.006460177898406916,0.020141798257827803
4,0.9179792984127998,0.004144158433074027,0.004251420497894287,0.023196762800216653
5,0.923407973408699,0.004831434108191037,0.006861326098442033,0.02635589838027952
6,0.9225448652505875,0.005061405423362406,0.007847936451435,0.02412056326866141
