subset_index,mean_metric,std_metric,iqr,range_metric
0,0.6152161470545425,0.024623562756283583,0.035626514420061706,0.1343711466481755
1,0.42523834801206845,0.030123878139121322,0.040442813839713765,0.15717703513615255
2,0.540511287414337,0.04132221473383925,0.06313348086503956,0.177930042985248
3,0.5539891689937381,0.04166162066219826,0.05762695726019307,0.19973719985399108
4,0.5969861929027466,0.03740021328283304,0.057730940496298455,0.16373812034282442
5,0.5387709026490741,0.02515187782529842,0.032668738992897906,0.12597500394690153
6,0.5862884857434849,0.034958189140098156,0.04759035194414363,0.16803771257447714
