subset_index,mean_metric,std_metric,iqr,range_metric
0,2.623,0.4054813824519586,0.6000000000000001,2.2
1,4.8660000000000005,0.32913108745190384,0.39999999999999947,1.5
2,3.3110000000000004,0.2788486429168442,0.3999999999999999,1.6
3,3.44,0.3897681258379038,0.5,2.1
4,4.119,0.3583618734229861,0.3999999999999999,1.8000000000000003
5,3.022,0.3208511407887692,0.5,1.6
6,2.59,0.354053012066746,0.5249999999999999,1.7000000000000002
