subset_index,mean_total,std_total,iqr_total,range_total
0,26.23,4.054813824519586,6.0,22
1,48.66,3.291310874519039,4.0,15
2,33.11,2.7884864291684415,4.0,16
3,34.4,3.8976812583790372,5.0,21
4,41.19,3.5836187342298613,4.0,18
5,30.22,3.208511407887691,5.0,16
6,25.9,3.54053012066746,5.25,17
