subset_index,mean_total,std_total,iqr_total,range_total
0,133.7,6.374665766639348,8.0,37
1,104.91,5.844958113924801,6.5,33
2,122.87,4.558608240560827,5.0,25
3,167.18,3.737281462142334,4.0,18
4,128.31,5.90102713195942,8.0,27
5,89.8,6.809084840390546,9.25,31
6,117.71,6.0741129792627735,7.0,33
