subset_index,mean_metric,std_metric,iqr,range_metric
0,0.4935858860653407,0.03695935595789427,0.043459108389385714,0.1870798730553696
1,0.6246055511108525,0.02680720625187141,0.038632697611449385,0.12715550437604006
2,0.5095181964864544,0.04010355657848172,0.05620175672900152,0.22915682994044884
3,0.5497375863635806,0.03841439804719397,0.04653998680932725,0.20444956589143948
4,0.5910828980763791,0.0334125945842178,0.050458192346863884,0.1540593475081833
5,0.6993462608788874,0.02907750515034826,0.02619304060997152,0.16839126325159004
6,0.5283427254816107,0.03222392541073908,0.042606557157839564,0.1597610296660958
