subset_index,mean_metric,std_metric,iqr,range_metric
0,13.37,0.637466576663935,0.8000000000000007,3.6999999999999993
1,10.491,0.5844958113924801,0.6500000000000021,3.3000000000000007
2,12.287,0.45586082405608286,0.5,2.5
3,16.718,0.37372814621423406,0.3999999999999986,1.8000000000000007
4,12.831,0.5901027131959419,0.8000000000000007,2.6999999999999993
5,8.98,0.6809084840390548,0.9250000000000007,3.1000000000000005
6,11.770999999999999,0.6074112979262773,0.6999999999999993,3.299999999999999
