subset_index,mean_metric,std_metric,iqr,range_metric
0,0.9696078470945357,0.0005691020073513533,0.0007168546319007429,0.0026942968368529607
1,0.9698654512166976,0.0008214767103001316,0.0009044468402863437,0.004364091157913252
2,0.9646324781775475,0.0008306165288607534,0.0008323460817337702,0.004460650682449385
3,0.9562024767398835,0.0013732621480718249,0.002019169926643416,0.0070192813873291016
4,0.9701778117418288,0.0007731227343649596,0.0009740889072418213,0.003580468893051192
5,0.9720067186951638,0.0006521662904243366,0.0007186904549598694,0.003600460290908769
6,0.9679803453087807,0.0007663095892785052,0.000916370749473483,0.004395490884780862
