subset_index,mean_total,std_total,iqr_total,range_total
0,31.27,4.503320884624922,7.0,19
1,22.49,4.093589469826543,5.0,21
2,25.62,5.374425033847291,8.25,23
3,24.56,5.0698554558719255,7.25,28
4,28.29,4.680272374013024,6.0,22
5,21.07,3.6494222595203807,5.0,21
6,20.1,4.489043901713945,7.0,20
