subset_index,mean_metric,std_metric,iqr,range_metric
0,0.24206575929136417,0.029684432698477876,0.04093787986743028,0.1547782139646938
1,0.24980409847558932,0.038062940217248285,0.05890113153440446,0.17943378136804253
2,0.34140392498556565,0.03084868484835539,0.05193469674195106,0.16207120304782208
3,0.4376052471742987,0.03412335828713577,0.043698739512602114,0.1579592744330297
4,0.3794247928507082,0.030321674165745154,0.044431367315562575,0.15724064703608792
5,0.19050439294615565,0.03010016372036249,0.04367215807106728,0.15064309687211416
6,0.4938121581300443,0.036784633067363036,0.05082626001526358,0.2107799758387996
