subset_index,mean_metric,std_metric,iqr,range_metric
0,13.603,0.4810457883663991,0.5999999999999996,2.0999999999999996
1,9.106,0.6714705706676406,1.0,3.6000000000000005
2,12.802,0.6897488929701413,0.9000000000000004,3.5
3,11.819,0.6583872244915885,1.0,2.9000000000000004
4,8.204,0.5112709455836307,0.6999999999999993,2.5
5,14.375,0.7084447327730932,0.9000000000000004,3.4999999999999982
6,10.735999999999999,0.6347702996622742,0.7999999999999989,3.0999999999999996
