subset_index,mean_metric,std_metric,iqr,range_metric
0,0.885698021709919,0.00407428316856384,0.005368980765342757,0.02001100778579712
1,0.9054031311273575,0.002764201449466583,0.003708435595035642,0.014223974943161077
2,0.8926659585237503,0.0040226747086586695,0.004727949202060655,0.019157665967941218
3,0.881483737051487,0.0061381842602080735,0.0072862029075623225,0.04002499580383301
4,0.8950712419152259,0.004394907449874506,0.006251694262027763,0.019057124853134155
5,0.8640266441106796,0.006325854268420343,0.007873466610908597,0.038258802890777543
6,0.9028902485370637,0.009356140643699834,0.003140665590763092,0.09659126996994027
