subset_index,mean_total,std_total,iqr_total,range_total
0,136.03,4.810457883663996,6.0,21
1,91.06,6.714705706676406,10.0,36
2,128.02,6.897488929701416,9.0,35
3,118.19,6.58387224491589,10.0,29
4,82.04,5.112709455836311,7.0,25
5,143.75,7.084447327730938,9.0,35
6,107.36,6.347702996622742,8.0,31
