subset_index,mean_total,std_total,iqr_total,range_total
0,134.61,6.885638692381425,7.0,40
1,131.16,7.094912105007203,10.0,34
2,126.3,5.516733039974242,6.25,29
3,158.83,4.417721429228267,6.0,21
4,123.05,6.515521483505386,9.0,35
5,144.68,6.454001968867178,10.0,35
6,129.49,5.650592174205448,9.0,21
7,154.48,5.57135531087365,7.0,29
8,112.39,4.865659920776057,6.0,23
9,132.21,6.435845011348629,7.25,33
