subset_index,mean_total,std_total,iqr_total,range_total
0,33.85,7.134175821106784,9.25,30
1,63.14,24.725572579698518,11.25,139
2,29.87,5.85628385634274,7.25,27
3,38.2,8.192137151629673,11.0,41
4,32.28,6.005182946607223,7.25,34
