subset_index,mean_metric,std_metric,iqr,range_metric
0,0.7986751659516319,0.007219641426349,0.010001048445660299,0.03450053334244607
1,0.7512442861799109,0.025172973201257456,0.017525599151832272,0.1532644033434516
2,0.807355491400126,0.006534398247499088,0.010362122952982222,0.03093356490136223
3,0.7994996318224965,0.006119380131763638,0.00827670842408268,0.03067849874510531
4,0.8024131943587224,0.00703560780115044,0.00941242575649981,0.033470493554991765
