subset_index,mean_metric,std_metric,iqr,range_metric
0,0.9079266743063927,0.0027570734599950374,0.003247377276420549,0.012943887710571311
1,0.9055064380168915,0.01071257531756829,0.004220733046531588,0.07455251216888426
2,0.9083760801553725,0.0028905769084790686,0.0036006033420563632,0.014168924093246438
3,0.9061620323061943,0.0020179929998588916,0.002363494038581715,0.010350489616393954
4,0.9079483363628387,0.002797143883789219,0.0043125584721566135,0.01161016225814826
