subset_index,mean_metric,std_metric,iqr,range_metric
0,3.385,0.7134175821106781,0.9249999999999998,2.9999999999999996
1,6.314,2.4725572579698523,1.125,13.9
2,2.987,0.585628385634274,0.7249999999999996,2.7
3,3.82,0.8192137151629671,1.1000000000000005,4.1000000000000005
4,3.228,0.6005182946607224,0.7250000000000001,3.4000000000000004
