subset_index,mean_metric,std_metric,iqr,range_metric
0,0.845737115681634,0.015762723444835,0.020209756493628994,0.06157435178779147
1,0.8098941720132359,0.023124457628980532,0.032261401414672375,0.09491628408434871
2,0.8468914760355619,0.01462524348696046,0.025037957727906845,0.049072521924956924
3,0.8378295403723667,0.019931263307932098,0.027702452242277076,0.08391007781037763
4,0.8501810210948112,0.010520882336449358,0.014701214432738974,0.043660300970197574
5,0.8496175452475748,0.013307278848731095,0.015698890388058273,0.06159297227822247
6,0.849535684586009,0.014903625739487359,0.019667376577960027,0.06918993592244405
