subset_index,mean_total,std_total,iqr_total,range_total
0,4.53,3.0199839453717354,4.0,11
1,11.91,4.566224265233153,7.0,17
2,4.73,1.221482788261956,1.25,5
3,9.31,3.7623735255094677,5.0,19
4,4.09,1.5833413077949108,2.0,7
5,4.32,2.159685723489051,2.0,12
6,4.1,2.0125866566448884,2.0,11
