subset_index,mean_metric,std_metric,iqr,range_metric
0,0.9231426049470902,0.0008480997412758679,0.0010771557688713518,0.00449492931365969
