subset_index,mean_metric,std_metric,iqr,range_metric
0,0.7671040331752479,0.01205475566056724,0.013180050254296471,0.06755439937144381
