subset_index,mean_total,std_total,iqr_total,range_total
0,6.37,2.4273483890904908,3.0,10
1,5.84,1.7793427455272937,2.0,8
2,2.41,1.804007883697974,2.25,8
3,3.31,1.535407029902738,2.0,6
4,2.2,1.7115177268415684,2.0,6
5,2.32,1.5431831198578285,2.0,7
