subset_index,mean_metric,std_metric,iqr,range_metric
0,0.8329854967453167,0.02495101836242396,0.04164515435610283,0.11793744415059415
1,0.8396153691120735,0.017151370824560672,0.024055196344917706,0.08204464018359059
2,0.8639867177612689,0.01319355061608574,0.017347738146852087,0.052554553747470756
3,0.8628906900294325,0.010404669325374977,0.013752357661615755,0.05018839836112188
4,0.8707690088755742,0.009534840606417115,0.009028601646400958,0.04609228372627461
5,0.8680519903903336,0.012629018690584448,0.018021221458895953,0.0691217660905169
