subset_index,mean_metric,std_metric,iqr,range_metric
0,0.637,0.2427348389090491,0.30000000000000004,1.0
1,0.584,0.1779342745527293,0.19999999999999996,0.8
2,0.24100000000000002,0.18040078836979748,0.225,0.8
3,0.331,0.15354070299027378,0.2,0.6
4,0.22,0.1711517726841568,0.19999999999999998,0.6
5,0.23199999999999998,0.15431831198578283,0.19999999999999998,0.7000000000000001
