subset_index,mean_metric,std_metric,iqr,range_metric
0,0.9484780331254005,0.001865389774908638,0.002897092700004489,0.007252877950668424
1,0.9472020335197449,0.0017440682063416485,0.0023757860064506087,0.008753794431686335
2,0.9471760360598565,0.0018168929532986567,0.002539747953414939,0.01028558611869812
3,0.9482791802883148,0.0017413081660882055,0.0023035049438476785,0.009897428750991866
4,0.9446546275615693,0.001965165278847284,0.0026605471968651484,0.011206173896789573
5,0.9432258002758026,0.0020919217216497977,0.0030016705393791643,0.01179205179214482
6,0.9469109399914741,0.001680253000483541,0.0023595511913299116,0.007520586252212524
