subset_index,mean_metric,std_metric,iqr,range_metric
0,0.3833238948620882,0.051516585311265475,0.07260161975007828,0.28731486498293823
1,0.22997138566387598,0.04132016732201478,0.052412225345200986,0.1994045803458173
2,0.3519392811184924,0.04881475362113127,0.07353436407680342,0.21841484481068654
3,0.4002828062224013,0.0442106197065774,0.0604038132346667,0.19994148910271115
4,0.526067662341043,0.04871996799413842,0.07580031416185284,0.22559216468865273
5,0.28122568606582143,0.03671398541486272,0.04572473308731745,0.2023413920806944
6,0.34620625627140067,0.04451280769055735,0.05525943148498447,0.2021398088114879
