subset_index,mean_metric,std_metric,iqr,range_metric
0,0.9120978554487229,0.0017548499998178777,0.002352146804332711,0.009303992986679055
1,0.919840418279171,0.0033828372451501472,0.004290850460529239,0.01927527189254763
2,0.9118398290276528,0.0025557972550784382,0.0037232756614685725,0.010639750957489036
3,0.9200532330274582,0.002804326418773148,0.003948099911212921,0.015429991483688399
4,0.9211381363272667,0.002425161740481278,0.0029312282800674216,0.01205715537071228
5,0.9113837102651595,0.002426694867108029,0.0034653648734093156,0.011205738782882668
6,0.9138387116193772,0.0026761514930384194,0.003972531855106265,0.010866653919219926
