subset_index,mean_total,std_total,iqr_total,range_total
0,32.03,4.132783443382799,5.0,21
1,28.43,3.8065732621348554,5.25,22
2,59.35,3.56292638773866,5.0,20
3,24.64,3.5320180513626354,4.0,23
4,21.29,3.590939777390937,4.0,17
5,38.8,4.116976432953552,5.0,22
6,36.15,4.658813738983932,6.0,24
