subset_index,mean_metric,std_metric,iqr,range_metric
0,3.2030000000000003,0.41327834433828003,0.5,2.0999999999999996
1,2.843,0.38065732621348564,0.5249999999999999,2.1999999999999997
2,5.935,0.3562926387738657,0.5,2.0
3,2.464,0.35320180513626365,0.3999999999999999,2.3
4,2.129,0.35909397773909385,0.3999999999999999,1.7
5,3.88,0.4116976432953552,0.49999999999999956,2.2
6,3.615,0.4658813738983933,0.6000000000000001,2.4000000000000004
