subset_index,mean_metric,std_metric,iqr,range_metric
0,0.9721751410365104,0.0005866569443791636,0.0008148863911628945,0.002609324455261186
1,0.9722142158150673,0.0004730134673950916,0.0006034016609192117,0.002395033836364746
2,0.9728612864613533,0.00048318043777262516,0.0006147518754006098,0.0024645864963531716
3,0.9725509464144707,0.000573539929583211,0.0006649926304816978,0.0030076444149017556
4,0.9719907032847405,0.00038248034023194053,0.0005265161395072715,0.0017772018909454346
5,0.9715365000367164,0.00036718816820310645,0.00039051026105874076,0.0020112693309783936
6,0.9722785080075264,0.0005008341134490142,0.0005968645215034263,0.0028504133224487305
