subset_index,mean_metric,std_metric,iqr,range_metric
0,0.8627679042224996,0.006286876054029359,0.006263470649489955,0.03321792483311414
1,0.8663085717563083,0.0017879336086447633,0.001940369605921255,0.010818779468490747
2,0.8644817143087016,0.0031618954174938013,0.0030881151555813835,0.015195745229638846
3,0.861265380919453,0.007984713176897652,0.0037902280687783785,0.04916040897343543
4,0.857161375642349,0.006053974178570219,0.006022103130849277,0.028811091184394066
5,0.8618836510186298,0.0042311613444465995,0.004279588162974468,0.019521749019353662
6,0.8677292972807816,0.004633187717842839,0.0028445452452696696,0.03711158633230072
