subset_index,mean_metric,std_metric,iqr,range_metric
0,0.9416477306485176,0.0015789879529219788,0.001808518171310336,0.008061337471008234
