subset_index,mean_metric,std_metric,iqr,range_metric
0,17.840999999999998,0.39442964832115224,0.5,1.8999999999999986
