subset_index,mean_metric,std_metric,iqr,range_metric
0,0.6944277876714908,0.03207884723963961,0.0462660714993639,0.14751631020207623
