subset_index,mean_total,std_total,iqr_total,range_total
0,192.66,2.7237081081837395,4.0,13
1,196.23,2.2149856920895923,3.0,10
2,181.84,3.1357179836087417,4.0,17
3,195.81,2.3599991439820363,3.0,10
4,199.97,0.22270150335361616,0.0,2
5,197.45,2.066446713613012,3.25,9
6,190.77,2.553883950441604,3.0,11
7,200.0,0.0,0.0,0
8,188.38,4.256379644341852,5.0,18
9,200.0,0.0,0.0,0
