subset_index,mean_metric,std_metric,iqr,range_metric
0,0.8926878936290741,0.004995154573201504,0.004968430101871535,0.024784034490585305
