subset_index,mean_metric,std_metric,iqr,range_metric
0,0.51392192250119,0.02797221421870399,0.03341642383896998,0.15121665522597644
