subset_index,mean_metric,std_metric,iqr,range_metric
0,0.9109344409108162,0.00440260060627291,0.004820962250232652,0.024248772859573386
