subset_index,mean_metric,std_metric,iqr,range_metric
0,0.8868148772120477,0.0032910484429897334,0.004101337492465995,0.017189341783523493
