subset_index,mean_metric,std_metric,iqr,range_metric
0,11.592,0.573255808712151,0.9000000000000004,2.299999999999999
