subset_index,mean_metric,std_metric,iqr,range_metric
0,0.9441856074929237,0.0018639305521693222,0.002760986983776137,0.008597016334533691
