subset_index,mean_metric,std_metric,iqr,range_metric
0,0.6499477492097047,0.029717314899161358,0.04603972360649622,0.11531663238928547
