subset_index,mean_metric,std_metric,iqr,range_metric
0,0.9072352135777473,0.005790075585771608,0.005927859246730893,0.03230205178260803
