subset_index,mean_metric,std_metric,iqr,range_metric
0,15.443,0.6470219267825266,0.8250000000000011,3.5
