subset_index,mean_metric,std_metric,iqr,range_metric
0,0.8209427365703976,0.008515603468294436,0.006426972152498767,0.048657095442396825
