subset_index,mean_metric,std_metric,iqr,range_metric
0,0.9527425088882446,0.0007667644992571805,0.0010269999504090022,0.003958201408386208
