subset_index,mean_metric,std_metric,iqr,range_metric
0,0.45299999999999996,0.3019983945371736,0.39999999999999997,1.1
1,1.1909999999999998,0.45662242652331525,0.7,1.6999999999999997
2,0.47300000000000003,0.12214827882619556,0.125,0.5
3,0.9309999999999999,0.37623735255094676,0.5000000000000001,1.9000000000000001
4,0.409,0.15833413077949102,0.2,0.7
5,0.43200000000000005,0.21596857234890504,0.2,1.2
6,0.41,0.20125866566448883,0.2,1.1
