subset_index,mean_metric,std_metric,iqr,range_metric
0,0.9426056698560714,0.012200959288473421,0.016461384296417192,0.04854311347007745
1,0.933262007534504,0.013069934669587294,0.018898026645183585,0.05067445039749141
2,0.9425212687253952,0.014665348943811635,0.022661192715168088,0.05015279650688165
3,0.9420453896522523,0.012996240656298813,0.01993671655654905,0.044940763711929343
4,0.9481390831470489,0.007643242052459586,0.010645994544029147,0.034979552030563354
5,0.9472207233905792,0.011174126328433237,0.015898770093917824,0.04311133027076719
6,0.9464335454702377,0.0125251877137885,0.015067921578884036,0.04871233701705924
