subset_index,mean_metric,std_metric,iqr,range_metric
0,0.40700000000000003,0.19604936504705522,0.22499999999999998,0.7
1,0.465,0.16537377315791293,0.2,0.7
2,0.29,0.09898474527915804,0.0,0.4
3,0.466,0.16094418381237108,0.3,0.6000000000000001
4,0.518,0.21100050265630207,0.39999999999999997,1.1
5,0.39299999999999996,0.17652939206439888,0.2,0.8
6,0.5539999999999999,0.2479898987841841,0.39999999999999997,1.1
