subset_index,mean_metric,std_metric,iqr,range_metric
0,0.1884609564882875,0.04517105617303485,0.058257534826210766,0.20752591727426645
1,0.33319871903125486,0.046377761307882105,0.06232594753315329,0.21723093002080154
2,0.2940148948715911,0.045721604073442106,0.06939522847060525,0.23282076988996428
3,0.1587825532825536,0.04219037177842103,0.0623579006288896,0.17330158518687477
4,0.17210005158622974,0.04770713514929003,0.0723115314915092,0.21227208866014727
5,0.1960481353003213,0.01905393938839072,0.02329700238774962,0.08873668601417081
6,0.30272376891666064,0.03432572912172675,0.04750416277580377,0.1494252111680002
