subset_index,mean_metric,std_metric,iqr,range_metric
0,14.23,0.6385748020222674,1.0,3.1999999999999993
1,12.706,0.8974509356049399,1.125,4.799999999999999
2,16.099,0.7455585662827413,0.9000000000000021,3.4000000000000004
3,15.425999999999998,0.3973701426919626,0.5250000000000004,1.9999999999999982
4,11.77,0.5582259055401867,0.8999999999999986,2.5
5,13.76,0.4662335652585915,0.6999999999999993,2.3999999999999986
6,11.115,0.6911233718747438,0.9250000000000007,3.6999999999999993
