subset_index,mean_total,std_total,iqr_total,range_total
0,142.3,6.385748020222678,10.0,32
1,127.06,8.9745093560494,11.25,48
2,160.99,7.455585662827405,9.0,34
3,154.26,3.973701426919613,5.25,20
4,117.7,5.582259055401868,9.0,25
5,137.6,4.662335652585916,7.0,24
6,111.15,6.911233718747433,9.25,37
