subset_index,mean_metric,std_metric,iqr,range_metric
0,0.8977913079857827,0.0029534891317175406,0.003070558607578322,0.015021723508834905
1,0.9026867681741715,0.0014557592667877905,0.0016491487622261047,0.008858907222747847
2,0.8758822966814042,0.004720513586791671,0.006819610297679857,0.022158384323120117
3,0.8799340859651565,0.0038552685372732344,0.005453386902809165,0.022854959964752175
4,0.9002379863858223,0.003366168806475638,0.003806662559509233,0.019446253776550293
5,0.8863929852843284,0.004535014159071785,0.006049452722072579,0.022344756126403742
6,0.9020202456712723,0.002107610131075603,0.0025875046849250793,0.011520975828170799
