subset_index,mean_metric,std_metric,iqr,range_metric
0,0.905933602809906,0.002275387680799925,0.0029833182692527993,0.012753951549529963
1,0.9114441086649895,0.0029485901682384805,0.003960081934928916,0.014036506414413452
2,0.9001457312703133,0.005049059228630627,0.005027636885643005,0.031771773099899314
3,0.8860324645638465,0.010235613514175205,0.01146322339773187,0.054808199405670166
4,0.9061765531301498,0.0030635083101346596,0.0030408963561058266,0.0172593474388123
5,0.9224295961856842,0.0032910920343329026,0.004455208778381348,0.015626353025436357
6,0.9036466589570046,0.0028374009709794686,0.003219583630561851,0.01572586297988887
