subset_index,mean_total,std_total,iqr_total,range_total
0,200.0,0.0,0.0,0
1,190.03,3.223822312570946,4.0,16
2,200.0,0.0,0.0,0
3,200.0,0.0,0.0,0
4,192.57,2.644815779038399,3.0,11
5,190.74,3.3108941695590652,4.25,17
6,188.01,1.9200957467708917,2.0,11
