subset_index,mean_metric,std_metric,iqr,range_metric
0,20.0,0.0,0.0,0.0
1,19.003,0.32238223125709536,0.3999999999999986,1.5999999999999979
2,20.0,0.0,0.0,0.0
3,20.0,0.0,0.0,0.0
4,19.257,0.26448157790384,0.29999999999999716,1.1000000000000014
5,19.074,0.3310894169559057,0.4250000000000007,1.6999999999999993
6,18.801,0.19200957467708923,0.1999999999999993,1.1000000000000014
