subset_index,mean_metric,std_metric,iqr,range_metric
0,0.16635259708004901,0.03641452614614637,0.04604605879735138,0.19631075054581867
1,0.2816421699291363,0.03688205794018231,0.059965110497853524,0.14885248675195803
2,0.17834788242881924,0.03909874805528928,0.05489910447020693,0.21121000634944664
3,0.21563015531502785,0.031974859449774774,0.03918133934759785,0.18177241107633085
4,0.14337889971085477,0.026449837843919643,0.034663441618698415,0.12133176904267684
5,0.11693732653212009,0.03377743811085113,0.04187149598343891,0.1872305663390435
6,0.2336882529762909,0.03118613507009697,0.04226679690650206,0.14645500630879743
