subset_index,mean_metric,std_metric,iqr,range_metric
0,0.9070476834177971,0.0035506540835314256,0.004605329036712735,0.0182725191116333
