subset_index,mean_metric,std_metric,iqr,range_metric
0,0.5004252767352435,0.03195646977327093,0.04354515466875347,0.16785203423717698
