subset_index,mean_metric,std_metric,iqr,range_metric
0,0.9138705451488495,0.0018121021313300919,0.0024890214204789096,0.009134835004806496
1,0.9202955206632615,0.002990899446261599,0.003819513320922785,0.014766323566436812
2,0.9117916278243066,0.0022277752428769707,0.00242248773574838,0.011021262407302945
3,0.9004311700463294,0.003189425586603716,0.0033569425344468495,0.019555467367172286
4,0.9145927197933197,0.0029570513703252,0.004032063484191828,0.014898359775543213
5,0.9155533041954041,0.001786208020347666,0.0026666730642318504,0.009148901700973489
6,0.9113591296672822,0.0014289318699164857,0.0018975421786309177,0.008646833896636896
