subset_index,mean_total,std_total,iqr_total,range_total
0,31.28,2.2833609819162133,3.0,12
1,13.5,5.252224156094121,6.25,25
2,37.99,8.426143779327468,12.0,37
3,73.82,3.1378433048928045,3.25,15
4,29.66,5.717631776471194,7.25,26
5,19.16,2.8023078512057324,4.0,15
6,30.11,4.666439388404886,6.0,24
