subset_index,mean_metric,std_metric,iqr,range_metric
0,0.7557680826767613,0.02332470993821801,0.030284345147523317,0.09914736300781046
1,0.7675177593779735,0.030893632119770892,0.040203401447775344,0.13697820008034445
2,0.6127123699278204,0.0315095824324002,0.04457909055291098,0.13364678099992777
3,0.5940853631285058,0.03467837837270251,0.0416465174370062,0.17525177672371117
4,0.7675381632940431,0.019881853767750285,0.026244673128293483,0.11421688497271132
5,0.7432370167707427,0.02186684703492963,0.021805831790406738,0.15175841450777794
6,0.7143296707585466,0.029204541041550798,0.038694611191059436,0.15729056745903636
