subset_index,mean_metric,std_metric,iqr,range_metric
0,3.128,0.22833609819162137,0.2999999999999998,1.1999999999999997
1,1.35,0.525222415609412,0.625,2.5
2,3.799,0.8426143779327468,1.2000000000000002,3.7
3,7.382000000000001,0.3137843304892811,0.3250000000000002,1.5
4,2.966,0.5717631776471193,0.7249999999999996,2.6000000000000005
5,1.916,0.28023078512057337,0.40000000000000013,1.4999999999999998
6,3.011,0.46664393884048866,0.5999999999999996,2.4000000000000004
