subset_index,mean_total,std_total,iqr_total,range_total
0,195.76,2.7711354927523697,4.0,11
1,200.0,0.0,0.0,0
2,200.0,0.0,0.0,0
3,198.95,1.9194643613111027,1.25,9
4,200.0,0.0,0.0,0
5,197.65,2.3197657492326966,4.0,10
6,200.0,0.0,0.0,0
