subset_index,mean_metric,std_metric,iqr,range_metric
0,0.9411428483128548,0.0011983425954992047,0.0015456214547157066,0.00663850903511054
1,0.9298795924782753,0.002140823243697821,0.0029474318027497004,0.009733724594116255
2,0.9265540677309037,0.002251572542835831,0.0023642525076865706,0.011558312177658125
3,0.9363025773763657,0.001742705317213822,0.0022261306643485135,0.007920658588409402
4,0.9287832999825477,0.0012536616032563224,0.0017067551612852672,0.005661636590957642
5,0.9342104789614677,0.0013602142095292015,0.0015335544943808621,0.006693649291992121
6,0.9306527475118637,0.0015849073143543429,0.001980783045291812,0.007786160707473844
