subset_index,mean_metric,std_metric,iqr,range_metric
0,19.576,0.2771135492752376,0.40000000000000213,1.1000000000000014
1,20.0,0.0,0.0,0.0
2,20.0,0.0,0.0,0.0
3,19.895,0.19194643613110937,0.125,0.8999999999999986
4,20.0,0.0,0.0,0.0
5,19.765,0.23197657492326942,0.3999999999999986,1.0
6,20.0,0.0,0.0,0.0
