subset_index,mean_metric,std_metric,iqr,range_metric
0,0.42780243355035125,0.058187011210857606,0.090876599482142,0.2470595553775196
1,0.4718728674356315,0.04203379515586348,0.061745453301554565,0.1934054374127761
2,0.34096282803883116,0.041015481839133894,0.05959042107662016,0.19329450168871887
3,0.3309373519107948,0.04182161142320419,0.060328076298407085,0.23227271949629855
4,0.28977768759433015,0.0404676898221279,0.05427938431872148,0.20290235513950816
5,0.4280922393720738,0.04449214729071759,0.06494290914880291,0.22506112234493808
6,0.4384345603681601,0.031131694429328692,0.039945238246569925,0.17805250429801556
