subset_index,mean_metric,std_metric,iqr,range_metric
0,3.818,0.451345910929889,0.5999999999999996,2.3
1,2.898,0.5471653305810766,0.8999999999999999,2.6000000000000005
2,3.272,0.4863967703242056,0.7000000000000002,2.5
3,4.879,0.5230630454304237,0.7000000000000002,2.3000000000000003
4,4.042,0.5528950436501754,0.8249999999999997,2.5
5,2.9560000000000004,0.5003675416807896,0.6000000000000001,2.3
6,3.1519999999999997,0.4154783053568768,0.6000000000000001,2.0999999999999996
