subset_index,mean_metric,std_metric,iqr,range_metric
0,0.8656352723245478,0.0039216888145918675,0.0032413408160643087,0.025541067123408312
1,0.8355820559267529,0.01802931661195331,0.028377924859535275,0.06619497537599195
2,0.8685467983488706,0.0038749130296544297,0.0031149670481800396,0.03407591581343039
3,0.8571550912861773,0.005939524953580809,0.005513656139167544,0.03224014639845907
4,0.8618026031856658,0.004389723682225621,0.006775610148798017,0.022370499372210473
5,0.8658743442897996,0.005272341922692557,0.004188233613894532,0.027326154708675388
6,0.862361284614047,0.006375615042955725,0.004514372348811468,0.03501654267287457
