subset_index,mean_metric,std_metric,iqr,range_metric
0,0.9716467186808586,0.0003529506045070728,0.00048812925815577834,0.0016899347305296963
1,0.9725516620874405,0.000521814216809564,0.0007028102874756526,0.0021504640579224077
2,0.9729881592392922,0.0006216957570750142,0.0008406415581703186,0.002925413846969649
3,0.9721000736355783,0.0005113246932069423,0.0006505593657493147,0.002933639287948653
4,0.9722511289715767,0.0006541224063350492,0.0008400991559027737,0.0035616040229797807
5,0.9724096910357476,0.0006138672310753095,0.0009749650955199751,0.002955967187881492
6,0.9725928546190262,0.000620636015800171,0.0008074432611465676,0.002876794338226296
