subset_index,mean_total,std_total,iqr_total,range_total
0,38.18,4.51345910929889,6.0,23
1,28.98,5.471653305810767,9.0,26
2,32.72,4.863967703242056,7.0,25
3,48.79,5.230630454304236,7.0,23
4,40.42,5.528950436501754,8.25,25
5,29.56,5.003675416807896,6.0,23
6,31.52,4.15478305356877,6.0,21
