subset_index,mean_metric,std_metric,iqr,range_metric
0,18.206,0.4143438283368142,0.42499999999999716,2.3999999999999986
