subset_index,mean_metric,std_metric,iqr,range_metric
0,0.858184117436409,0.0047801488924220795,0.006580376625061057,0.020504623651504517
