subset_index,mean_metric,std_metric,iqr,range_metric
0,0.48810006385234656,0.022636438780951545,0.034347579255191274,0.11008255332383343
