subset_index,mean_metric,std_metric,iqr,range_metric
0,0.7846219424464023,0.01646558428912743,0.02307205051167227,0.07417969405646818
1,0.8014084771282733,0.016913725643388132,0.020925693213851293,0.09112560450992735
2,0.8263483176238949,0.00987957564643488,0.012526525557035706,0.04347354173677054
3,0.774279041711972,0.02644572453451227,0.03688728287824028,0.1319458015262568
4,0.8189702656872216,0.009606403873728965,0.012028919160290585,0.047799181938150914
5,0.8020244459218694,0.019506337234408228,0.03471697345358038,0.08211469352198786
6,0.8135695480710962,0.015466970307055456,0.020893347263313267,0.06477892398808571
7,0.8028228024773347,0.019003858454025874,0.025660803913951424,0.09002922847845585
