subset_index,mean_metric,std_metric,iqr,range_metric
0,0.8919217740893365,0.002751511942728447,0.003381006419658661,0.016624814271926858
1,0.8966840969324111,0.0033381688524173384,0.002746839821338609,0.029369103908538752
2,0.8975400776267051,0.0015203786606552262,0.001812630891799949,0.008836799860000633
