subset_index,mean_total,std_total,iqr_total,range_total
0,153.71,6.438983231109169,7.0,36
1,144.38,7.01193787246242,8.0,32
2,117.69,7.853063482527444,10.25,43
