subset_index,mean_metric,std_metric,iqr,range_metric
0,15.370999999999999,0.6438983231109162,0.6999999999999993,3.5999999999999996
1,14.437999999999999,0.7011937872462412,0.8000000000000007,3.1999999999999993
2,11.769,0.7853063482527446,1.0250000000000004,4.300000000000001
