subset_index,mean_metric,std_metric,iqr,range_metric
0,0.1696168649778236,0.029951488628922815,0.037519975770926084,0.16774427586461296
1,0.3971356433227,0.043805674434160856,0.05535317286693531,0.22181861289603882
2,0.2775163237509971,0.042953622880102744,0.060826552249755445,0.18670959324426473
