subset_index,mean_metric,std_metric,iqr,range_metric
0,0.24020205705919812,0.029446607414047844,0.0407626124492696,0.13854477178673835
1,0.24609300418904578,0.03528204765609417,0.05038078888797021,0.1569954483068267
2,0.3443341792169898,0.029204703927404468,0.045226175966366966,0.15570224838130142
3,0.43896747071084363,0.03242405131239467,0.046748162799170934,0.13249034882699579
4,0.3767814575478289,0.029621648526653447,0.04079824816406574,0.13620014731784558
5,0.18755124647040322,0.03027666448409677,0.04331220388978718,0.14321967407452885
6,0.49917850943936526,0.03481563033677213,0.04847277443606968,0.20085926047624403
