subset_index,mean_metric,std_metric,iqr,range_metric
0,19.629,0.2742464422943557,0.4250000000000007,1.0
1,19.974,0.06907761700954317,0.0,0.3999999999999986
2,19.692,0.22727191919048242,0.32499999999999574,1.0
3,20.0,0.0,0.0,0.0
4,19.932000000000002,0.15691469727919743,0.0,0.8000000000000007
5,19.865,0.19866981897031316,0.1999999999999993,0.8000000000000007
6,19.999000000000002,0.010000000000000288,0.0,0.10000000000000142
