subset_index,mean_total,std_total,iqr_total,range_total
0,196.29,2.7424644229435526,4.25,10
1,199.74,0.6907761700954347,0.0,4
2,196.92,2.2727191919048266,3.25,10
3,200.0,0.0,0.0,0
4,199.32,1.5691469727919678,0.0,8
5,198.65,1.9866981897031315,2.0,8
6,199.99,0.10000000000000375,0.0,1
