subset_index,mean_metric,std_metric,iqr,range_metric
0,0.9025051021575927,0.004055757829491302,0.00581881701946263,0.019236057996749878
1,0.9329919741749764,0.0027906857221879754,0.002879256010055453,0.016261982917785578
2,0.9114030021429061,0.00461607788221711,0.006636951863765672,0.020602214336395197
3,0.9014329741001128,0.005969159513120583,0.00596065521240241,0.03789420127868659
4,0.9246559303998947,0.0039959690227983026,0.004217544198036216,0.01988503336906433
5,0.8815593919754028,0.005746667870423683,0.006074301898479462,0.0321654438972474
6,0.9247364217042923,0.003807373337089923,0.0035309329628943065,0.02700558304786682
