subset_index,mean_metric,std_metric,iqr,range_metric
0,0.9326770764589309,0.0009728924717523661,0.0012830868363380432,0.0038240730762482134
