subset_index,mean_metric,std_metric,iqr,range_metric
0,0.7701372661029012,0.01575951350583808,0.010151401162722506,0.09858769774130138
