subset_index,mean_metric,std_metric,iqr,range_metric
0,0.26231371191245056,0.045617296699910735,0.06784074556905317,0.20898194376836735
1,0.41870601190358314,0.039000095622951154,0.052362169774806344,0.17667206683961323
2,0.38905263392052547,0.042073737768137325,0.058981882132025376,0.1902559110045035
3,0.3335683431649851,0.030559261648058476,0.03384133764986097,0.16168873952674295
4,0.33400185181767467,0.0357101573314462,0.038975708106958995,0.19326572885573035
5,0.368121983231536,0.03313296096329033,0.04189836523349255,0.19984385655435166
6,0.5106825655086158,0.032726590364353325,0.04082767573115492,0.15939118627896165
