subset_index,mean_metric,std_metric,iqr,range_metric
0,0.9126064475178718,0.0027108718012102072,0.0037501186132430364,0.013525789976120084
1,0.914686764895916,0.0039198094661666225,0.004453237354755446,0.020223844051361017
2,0.9131870586276054,0.0024435495608171815,0.003134022653102808,0.01256560087203984
3,0.910400365769863,0.0023704086635154224,0.003083036839961917,0.012125450372695856
4,0.9130544506311417,0.0028733997916040553,0.003198140859603904,0.02087577581405642
5,0.910849846124649,0.002375333923157916,0.003484810888767287,0.011386048793792791
6,0.9135999242663384,0.002943584053101814,0.003211450576782182,0.016925144195556685
