subset_index,mean_metric,std_metric,iqr,range_metric
0,4.578,0.32954820618844266,0.4249999999999998,1.5999999999999996
1,4.165,0.31281549730397845,0.3250000000000002,1.7000000000000002
2,4.265,0.3361622383686938,0.5,1.9000000000000004
3,4.325,0.36052010689384234,0.5999999999999996,2.0
4,5.218,0.5384939717171936,0.7999999999999998,2.5999999999999996
5,5.58,0.38323450636481954,0.5250000000000004,1.7000000000000002
6,3.4560000000000004,0.41422191875828823,0.5,2.1
