subset_index,mean_total,std_total,iqr_total,range_total
0,45.78,3.2954820618844254,4.25,16
1,41.65,3.1281549730397837,3.25,17
2,42.65,3.3616223836869374,5.0,19
3,43.25,3.605201068938423,6.0,20
4,52.18,5.384939717171937,8.0,26
5,55.8,3.8323450636481957,5.25,17
6,34.56,4.1422191875828815,5.0,21
