subset_index,mean_metric,std_metric,iqr,range_metric
0,0.4931870671143849,0.032585100267487975,0.0386928594463159,0.18586416598357502
