subset_index,mean_metric,std_metric,iqr,range_metric
0,0.9068478197455405,0.0032329843909422924,0.004453873634338357,0.01628055572509768
