subset_index,mean_metric,std_metric,iqr,range_metric
0,14.557,0.18762470600384773,0.29999999999999893,0.8000000000000007
1,20.0,0.0,0.0,0.0
