subset_index,mean_total,std_total,iqr_total,range_total
0,25.24,5.633808479154931,7.0,28
1,27.85,4.202872995242827,5.0,25
2,23.57,4.3046955804567695,6.25,19
3,33.72,5.3561632581993655,6.25,26
4,21.02,4.433526995086599,6.0,21
5,22.28,5.440365406622587,7.0,25
6,12.14,2.7006172134038797,3.0,13
7,26.2,3.7765892366825207,6.0,17
