subset_index,mean_metric,std_metric,iqr,range_metric
0,2.524,0.5633808479154929,0.6999999999999997,2.8
1,2.785,0.4202872995242826,0.5,2.5
2,2.3569999999999998,0.43046955804567705,0.625,1.9
3,3.372,0.5356163258199366,0.625,2.6
4,2.102,0.44335269950865996,0.5999999999999999,2.1
5,2.228,0.544036540662259,0.7000000000000002,2.5
6,1.214,0.27006172134038786,0.30000000000000004,1.2999999999999998
7,2.62,0.3776589236682521,0.6000000000000001,1.7
