subset_index,mean_metric,std_metric,iqr,range_metric
0,0.9733219262361527,0.0010366446050149795,0.0012341290712356567,0.005152660608291559
1,0.9733990569114686,0.000780885755084991,0.0011602073907853727,0.003986352682113559
2,0.9732942252159118,0.0008496560307869307,0.0012364983558653675,0.0039847493171691895
3,0.9736769171357155,0.0007784447501976972,0.000974585115909532,0.004012799263000466
4,0.97437603110075,0.0009079813941104275,0.0013086870312690735,0.004559952020645186
5,0.9735724399089812,0.0008921528870619982,0.001050007343292192,0.004746574163436823
6,0.9759950077533722,0.0014717123282597516,0.0020005136728287187,0.006511867046356201
7,0.9729755442142486,0.0007419649607268095,0.0008493438363075256,0.004371613264083862
