subset_index,mean_total,std_total,iqr_total,range_total
0,200.0,0.0,0.0,0
1,200.0,0.0,0.0,0
2,200.0,0.0,0.0,0
3,199.14,1.2310790208412914,2.0,5
4,200.0,0.0,0.0,0
5,200.0,0.0,0.0,0
6,199.99,0.10000000000000665,0.0,1
