subset_index,mean_metric,std_metric,iqr,range_metric
0,0.4387664478808893,0.02670796257281355,0.034123440691702034,0.14460410178119348
1,0.5689565394058106,0.03032565141603297,0.04168491140145458,0.1325533477583134
2,0.46882939938493123,0.030743491044482766,0.04341262211136776,0.14466681061218212
3,0.3302959496522058,0.030774662347822997,0.041973113159044395,0.15284215957176006
4,0.5364474851908012,0.027632145974385434,0.040571191528254724,0.12315115780259595
5,0.5121508343820941,0.03729179362494215,0.05412661767338439,0.1725325256541851
6,0.39214116194445453,0.03827793785618071,0.05003484124855867,0.19780718274245346
