subset_index,mean_metric,std_metric,iqr,range_metric
0,20.0,0.0,0.0,0.0
1,20.0,0.0,0.0,0.0
2,20.0,0.0,0.0,0.0
3,19.914,0.12310790208412888,0.1999999999999993,0.5
4,20.0,0.0,0.0,0.0
5,20.0,0.0,0.0,0.0
6,19.999000000000002,0.009999999999999754,0.0,0.10000000000000142
