subset_index,mean_metric,std_metric,iqr,range_metric
0,0.8888422802090645,0.0031098476612906765,0.0032386004924773726,0.024058938026428223
1,0.8991295457482338,0.0029656422749910483,0.0034806773066521357,0.017039155960082986
2,0.8746077342033387,0.006147584493349392,0.004827059805393219,0.04800803661346431
3,0.8855648145675659,0.005552811336039722,0.007832330465316728,0.026719146966934226
4,0.8787589130401611,0.00415805611635045,0.004879203438758917,0.02384247183799748
5,0.8921877263784408,0.002690305419973017,0.003490088880062192,0.012732601165771573
6,0.8828912933468819,0.003950762299957821,0.0050975963473320896,0.01759692430496218
