subset_index,mean_metric,std_metric,iqr,range_metric
0,0.8860538626909257,0.0033067549859428867,0.0038878783583641274,0.017409861087799072
