subset_index,mean_metric,std_metric,iqr,range_metric
0,11.637,0.6660080079598641,1.0999999999999996,2.9000000000000004
