subset_index,mean_metric,std_metric,iqr,range_metric
0,0.4937300837620872,0.03546250455905903,0.04497659110113783,0.1917520905415696
