subset_index,mean_metric,std_metric,iqr,range_metric
0,0.2278524989482574,0.03494848262225909,0.04716756350535098,0.16253691948370638
1,0.23675466729066344,0.03976972645271477,0.047568876569203694,0.20383295633228632
2,0.2728877126877363,0.03363525838275187,0.05630993714375768,0.13338848899596067
3,0.16796034134698132,0.03126489480849796,0.04466479536612772,0.15727492681063748
4,0.24212227980240017,0.028571367788024667,0.044622008332697555,0.14380627145392866
5,0.2080784251585227,0.030819309966567655,0.044129389460024065,0.1687338751446525
6,0.3315209020169682,0.039882711348772526,0.053051488722432816,0.20250167379977338
