subset_index,mean_metric,std_metric,iqr,range_metric
0,16.64,0.3623715376697395,0.3000000000000007,2.0999999999999996
1,14.972999999999999,0.4707301442300767,0.7250000000000014,2.3000000000000007
2,16.117,0.6015224791554289,0.8249999999999993,3.3000000000000007
3,13.804,0.8475657359566137,1.0999999999999996,3.5999999999999996
4,15.759,0.5021358422184222,0.6000000000000014,2.299999999999999
5,17.750999999999998,0.2928422197302937,0.32499999999999574,1.3999999999999986
6,13.71,0.6515715268068842,1.0,3.5
