subset_index,mean_total,std_total,iqr_total,range_total
0,166.4,3.623715376697396,3.0,21
1,149.73,4.707301442300763,7.25,23
2,161.17,6.015224791554284,8.25,33
3,138.04,8.475657359566148,11.0,36
4,157.59,5.021358422184225,6.0,23
5,177.51,2.928422197302934,3.25,14
6,137.1,6.515715268068845,10.0,35
