subset_index,mean_metric,std_metric,iqr,range_metric
0,0.8734172837734222,0.0025101481072055715,0.003763329982757524,0.012436801195144676
1,0.8740892013907433,0.002743414410822674,0.0035681188106536643,0.014763408899307273
2,0.8819156327843666,0.001252279068760897,0.0016012594103812505,0.006367623805999756
3,0.8946448245644569,0.0029223475967982493,0.0039955437183381015,0.01342225670814512
4,0.8743404123783111,0.001976443035724378,0.0025385588407517146,0.010111385583877586
5,0.8723569026589394,0.001929963806329168,0.0024062678217887656,0.009462904930114813
6,0.8944475510716439,0.002592437026099017,0.002276265621185214,0.017085427045822166
