subset_index,mean_metric,std_metric,iqr,range_metric
0,0.8777180474996567,0.002770935696468027,0.004028835892677329,0.013111245632171586
1,0.9109197608828545,0.001384613279226157,0.002057592570781641,0.007410234212875344
2,0.8942665981054305,0.0028761453862494097,0.0028756558895111084,0.016373085975646906
3,0.9095955114364623,0.0023700112641337804,0.002486339211463906,0.013454717397689775
4,0.8670491186380386,0.004228928596309586,0.005160912871360779,0.029093682765960693
5,0.8912490574717522,0.0036001720071022823,0.005666127800941334,0.016030865907669
6,0.8871360903978348,0.0018890474670422513,0.0026019334793091486,0.009303426742553689
