subset_index,mean_metric,std_metric,iqr,range_metric
0,0.5025580438083854,0.025032262636403825,0.029625860600455023,0.13107176871280773
1,0.5041999587676116,0.041942440209821144,0.06140809248446616,0.18390641449573142
2,0.2387426295320573,0.041374600652698615,0.055703139616469693,0.20433511614418398
3,0.5430604686112438,0.045356405742517515,0.060174774938209774,0.21797970606130196
4,0.26661265801227424,0.033348027622557556,0.041772084726534486,0.18283399836333009
5,0.29985397498037397,0.03766338786074097,0.04819185082640326,0.16587446571584596
6,0.3284557186824219,0.036950484815417406,0.0462413062946862,0.17153945044889019
