subset_index,mean_metric,std_metric,iqr,range_metric
0,0.9198143997192383,0.0012866909207208221,0.0013080194592476335,0.008673393726348788
