subset_index,mean_metric,std_metric,iqr,range_metric
0,0.6440837890181997,0.032986060606500806,0.04882624447398809,0.14395170733493035
