subset_index,mean_metric,std_metric,iqr,range_metric
0,9.674,0.7358936023226416,1.0999999999999996,3.5999999999999996
