subset_index,mean_metric,std_metric,iqr,range_metric
0,0.9038587454557419,0.003676128007534698,0.002722699940204687,0.02248845100402841
