subset_index,mean_metric,std_metric,iqr,range_metric
0,0.5726371715136425,0.031296111287718364,0.0418172487961922,0.1565377488718347
