subset_index,mean_metric,std_metric,iqr,range_metric
0,0.6274767492370088,0.04603211440822261,0.06926188282475121,0.19283886068468348
1,0.6211100157627044,0.048226960297245346,0.06138773257480512,0.220445868934537
2,0.5498731623537167,0.030165980950212997,0.04416972515467399,0.13999233017885127
3,0.6609526331567244,0.03874128107400204,0.06652653281879695,0.16062292139313783
4,0.6098213678745422,0.031183758003406562,0.03027189299563615,0.15786256268578502
5,0.5363037098567088,0.03142944063298902,0.039293027038114325,0.14989635558651632
6,0.8031256848317382,0.017338122989586008,0.022426284850906697,0.08620088398101455
