subset_index,mean_metric,std_metric,iqr,range_metric
0,19.997,0.022270150335361765,0.0,0.1999999999999993
1,18.844,0.4321241871630348,0.625,2.0
2,19.654,0.2384376758243661,0.3000000000000007,1.0
3,18.517,0.44450744502974116,0.6000000000000014,2.0
4,19.673,0.3259345537578568,0.625,1.0
5,19.844,0.20514591998099388,0.3000000000000007,0.8000000000000007
6,18.840999999999998,0.5005239678819009,0.6000000000000014,2.3999999999999986
