subset_index,mean_total,std_total,iqr_total,range_total
0,199.97,0.22270150335361696,0.0,2
1,188.44,4.321241871630343,6.25,20
2,196.54,2.384376758243658,3.0,10
3,185.17,4.445074450297415,6.0,20
4,196.73,3.2593455375785703,6.25,10
5,198.44,2.051459199809945,3.0,8
6,188.41,5.005239678819006,6.0,24
