subset_index,mean_metric,std_metric,iqr,range_metric
0,0.9544349967837334,0.0008031162470189014,0.0008331894874573642,0.005937570333480746
1,0.953673154592514,0.0010094618728843428,0.0012784212827683383,0.005160033702850342
2,0.9522819449305534,0.0007757578255809627,0.0009923756122589555,0.004064691066741899
3,0.9547798694968224,0.001373614095404619,0.0013963282108306885,0.00978634953498847
4,0.9542552835345268,0.0007776904656320804,0.001004295051097781,0.0031950175762176514
5,0.9518484850525856,0.0022588837580731,0.002176181972026847,0.017319238185882546
6,0.959342863380909,0.0009724406207118947,0.001291926205158167,0.004877102375030584
