subset_index,mean_total,std_total,iqr_total,range_total
0,170.76,6.897693949297967,7.25,42
1,148.26,9.49600660352242,11.5,45
2,189.12,6.344137514909401,9.0,24
3,165.51,7.767446963013797,11.0,33
4,154.14,7.96078773829208,11.25,34
5,177.39,7.853320728497372,10.0,41
6,153.13,13.557699366825187,22.0,65
7,175.15,6.337917001601701,9.0,31
8,165.54,6.682435895311645,8.0,30
9,155.11,11.453811504464271,17.0,52
