subset_index,mean_metric,std_metric,iqr,range_metric
0,14.664000000000001,0.18230842996516555,0.20000000000000107,0.9000000000000004
1,20.0,0.0,0.0,0.0
