subset_index,mean_metric,std_metric,iqr,range_metric
0,0.5764658109461815,0.048068998622024364,0.058155230831521854,0.2527533676522033
1,0.5479061391887353,0.04044073613822957,0.05646554673489246,0.19257896243176292
