subset_index,mean_metric,std_metric,iqr,range_metric
0,0.8473497036099434,0.000865130494017789,0.0010287612676620483,0.004264855384826571
1,0.8211069070100784,0.00041130465174833323,0.0005801409482956155,0.0021019458770751287
