subset_index,mean_metric,std_metric,iqr,range_metric
0,20.0,0.0,0.0,0.0
1,20.0,0.0,0.0,0.0
2,19.455,0.23543426456081754,0.3000000000000007,1.1000000000000014
