subset_index,mean_metric,std_metric,iqr,range_metric
0,0.9328821535110474,0.0009017777935967956,0.0011767014861105984,0.004339361190795921
