subset_index,mean_metric,std_metric,iqr,range_metric
0,0.7701418689821867,0.01601071630609156,0.009085322916466132,0.09589009880717891
