subset_index,mean_metric,std_metric,iqr,range_metric
0,0.5721420471310049,0.022057469291687462,0.03076250813783088,0.10172611382136121
1,0.5511635564799876,0.03880497429848325,0.04873831923965288,0.19368597865000092
2,0.5961701836844033,0.024283935394187002,0.030352920060327748,0.152942779845733
3,0.682515209546739,0.01912918352420085,0.01880452930685994,0.09721269905838759
4,0.6193967121710122,0.030671642855736793,0.03654563878399453,0.13842038521314315
5,0.6341543469454849,0.020591322698116744,0.0256156636391609,0.11216048300157822
6,0.5720793965029621,0.027233536216539247,0.03288776551292072,0.14680796242428396
