subset_index,mean_metric,std_metric,iqr,range_metric
0,8.126,0.6309556644527814,0.7999999999999998,3.0999999999999996
1,7.031000000000001,0.7110520019625495,1.0,3.5
2,7.172000000000001,0.5588733254856542,0.7000000000000002,2.8999999999999995
3,7.327999999999999,0.6724116103528949,0.8499999999999996,3.299999999999999
4,8.985,0.6892207574683548,1.0250000000000004,3.0
5,7.081,0.5271794588355865,0.625,3.1000000000000005
6,6.859,0.5882854732014023,0.7999999999999998,3.0
