subset_index,mean_total,std_total,iqr_total,range_total
0,81.26,6.309556644527813,8.0,31
1,70.31,7.110520019625496,10.0,35
2,71.72,5.5887332548565425,7.0,29
3,73.28,6.724116103528949,8.5,33
4,89.85,6.892207574683546,10.25,30
5,70.81,5.271794588355865,6.25,31
6,68.59,5.882854732014024,8.0,30
