subset_index,mean_total,std_total,iqr_total,range_total
0,153.49,4.949227059334465,6.25,21
1,141.89,6.594909270249914,9.0,34
2,115.54,8.707850863827804,11.0,47
