subset_index,mean_metric,std_metric,iqr,range_metric
0,0.4901763687500125,0.02398670684025844,0.03158975951769816,0.11205579340601424
