subset_index,mean_metric,std_metric,iqr,range_metric
0,19.423,0.32156655688216473,0.5,1.1999999999999993
