subset_index,mean_metric,std_metric,iqr,range_metric
0,0.8636800884008408,0.005254712327817718,0.006640590727329365,0.027546894550323442
