subset_index,mean_metric,std_metric,iqr,range_metric
0,19.75,0.22763607319179835,0.3999999999999986,0.8999999999999986
1,19.986,0.05863773391242056,0.0,0.3000000000000007
2,19.008,0.23080010153526087,0.3999999999999986,1.0999999999999979
3,18.930999999999997,0.45918130923141304,0.625,2.3000000000000007
4,19.584,0.3659000249833666,0.5249999999999986,1.3999999999999986
5,19.986,0.04499158170416442,0.0,0.1999999999999993
6,18.969,0.42395325642854037,0.5,2.1999999999999993
