subset_index,mean_metric,std_metric,iqr,range_metric
0,0.6527188282144303,0.04090627961541501,0.053532792491224335,0.21066814064553985
1,0.6303553979259111,0.05063494350769657,0.0713355354957117,0.22274856822739952
2,0.7446243164976019,0.02711147626649569,0.04817490279719994,0.11514500677585604
3,0.721018707844153,0.02927087400767127,0.03723054937799253,0.12590274512045752
4,0.7263482328521959,0.02740812299369219,0.03794467598201856,0.1228289561350735
5,0.5917543396550379,0.031807484662944946,0.04534213466364878,0.1641687989389471
6,0.7916677407362711,0.024452789778842923,0.037009088697528725,0.11321641802492266
