subset_index,mean_total,std_total,iqr_total,range_total
0,197.5,2.276360731917986,4.0,9
1,199.86,0.5863773391242091,0.0,3
2,190.08,2.308001015352614,4.0,11
3,189.31,4.591813092314132,6.25,23
4,195.84,3.6590002498336656,5.25,14
5,199.86,0.44991581704164313,0.0,2
6,189.69,4.2395325642854,5.0,22
