subset_index,mean_metric,std_metric,iqr,range_metric
0,0.9597261171936989,0.001085102259293942,0.0012650147080421892,0.00620458126068113
1,0.9494734936356545,0.0015577962454227058,0.0020115271210671137,0.00804159641265878
2,0.95967022305727,0.0005168263599514214,0.0006445392966270003,0.0026740968227385586
3,0.9585865651369094,0.0013559387900290445,0.0019506514072418213,0.00630005002021794
4,0.9599321287274362,0.000590588375145999,0.000780940055847279,0.0027747511863708274
5,0.9526694428920746,0.0007645122606900165,0.0008871078491210493,0.0039393961429596835
6,0.9596737925410271,0.0014466213956809328,0.0008300840854644775,0.007264930009841963
