subset_index,mean_metric,std_metric,iqr,range_metric
0,7.567,0.4460952926236838,0.6000000000000005,2.4000000000000004
