subset_index,mean_metric,std_metric,iqr,range_metric
0,0.9051136971116065,0.0016167608790875069,0.0019814729690552646,0.007696354389190696
