subset_index,mean_metric,std_metric,iqr,range_metric
0,0.7668492363051952,0.013011566615134577,0.011867980658843535,0.08163036778598887
