subset_index,mean_metric,std_metric,iqr,range_metric
0,0.6316572367782106,0.028818541558095833,0.03877994967608678,0.13188902288669613
1,0.6007456930952949,0.0419200048751037,0.043370629192049925,0.22966673768646345
2,0.657407682217793,0.03266540756759709,0.04743610993124181,0.1692771866891989
3,0.6004192903215686,0.046666369708230314,0.06645679087232748,0.23040794021994127
4,0.660103529136401,0.025996495184576335,0.02776213884361456,0.12637582272383774
5,0.6465345524208252,0.027108197694577923,0.03070294782322114,0.1295601680838233
6,0.6249155470602537,0.029911056262072508,0.04176577427565242,0.1389988657103428
