subset_index,mean_metric,std_metric,iqr,range_metric
0,5.572,0.4608029882057995,0.7000000000000002,2.0
1,5.523,0.4510044905597399,0.6500000000000004,2.2
2,6.932,0.7007759047561986,0.8999999999999995,3.8
3,6.435,0.5275012566407551,0.625,3.0
4,8.189,0.609503026566677,0.7999999999999998,2.8999999999999995
5,7.385,0.4955101442254264,0.7000000000000002,3.2
6,7.109,0.49443264087602096,0.7000000000000002,2.0999999999999996
