subset_index,mean_metric,std_metric,iqr,range_metric
0,0.9155131857395172,0.0036412101791967987,0.005566903948783897,0.016462433338165217
1,0.913739035308361,0.003018521304362671,0.0038669645786285622,0.013439971208572432
2,0.9110371475815774,0.0025776423043767215,0.0036755859851836936,0.012161892652511552
3,0.913005334854126,0.003085902364690339,0.0036703139543534657,0.014943975210189753
4,0.910319600224495,0.0037020814081445475,0.004293562471866519,0.01940845847129813
5,0.9130156837105752,0.0035090367748808016,0.004814484715461642,0.016106873750686646
6,0.9126743304133416,0.0030659903232124392,0.004088172316551231,0.016115653514862105
