subset_index,mean_metric,std_metric,iqr,range_metric
0,0.4540946141748098,0.03789385225413637,0.05291173129028165,0.17774178012207975
1,0.49764098684697156,0.03851751810157049,0.05332293141721711,0.16039386214712648
2,0.4504079937166279,0.045920793728132576,0.05279145184870504,0.24039417039569855
3,0.4826885424236494,0.0355338253590943,0.04950208328490069,0.1524396866084043
4,0.18230699916329637,0.0388559580477936,0.06058450523955097,0.164377951153186
5,0.3073705224047429,0.04937599028899365,0.0685027983823206,0.2155201032691046
6,0.3622643584191135,0.04382954190872229,0.047965670755733936,0.24519710476504541
