subset_index,mean_total,std_total,iqr_total,range_total
0,55.72,4.608029882057992,7.0,20
1,55.23,4.510044905597399,6.5,22
2,69.32,7.007759047561985,9.0,38
3,64.35,5.275012566407549,6.25,30
4,81.89,6.095030265666768,8.0,29
5,73.85,4.955101442254264,7.0,32
6,71.09,4.94432640876021,7.0,21
