subset_index,mean_metric,std_metric,iqr,range_metric
0,0.9444569100141526,0.0008097150650767245,0.0012046754360199863,0.003812217712402255
1,0.9525915154218674,0.0007335542518724787,0.0008685961365699768,0.003517061471939087
2,0.9412991270422936,0.0011998471799908297,0.0013766095042229143,0.0057038784027099165
3,0.9549932501912117,0.0005957776713320295,0.0007772520184516907,0.002933329343795754
4,0.9544401699900626,0.0009128657669521698,0.0009543389081954068,0.005576366186141879
5,0.9440819183588027,0.0005961088224356989,0.0009471461176872031,0.002588933706283547
6,0.9479372784495353,0.0006449212935441174,0.0007819533348083496,0.003262180089950606
