subset_index,mean_metric,std_metric,iqr,range_metric
0,0.38543845105005786,0.054710374147497624,0.07581191507461588,0.30098341867840084
1,0.22633045755082207,0.04067931684163451,0.05143233780972439,0.18905640542158228
2,0.3514182004334912,0.04918778446246154,0.07737006509674565,0.21416920498454803
3,0.4030893701427061,0.04105254390623938,0.05208682727583436,0.1774255629579865
4,0.5182485021508575,0.05081531438167026,0.0765785252718561,0.23935579135449425
5,0.2797664001357975,0.037012834617390626,0.050880215437975385,0.21105398265792905
6,0.3450557782282149,0.04423529987990079,0.06274429044791185,0.19725109094350107
