subset_index,mean_metric,std_metric,iqr,range_metric
0,20.0,0.0,0.0,0.0
1,20.0,0.0,0.0,0.0
2,19.957,0.07555184185763371,0.10000000000000142,0.3000000000000007
3,20.0,0.0,0.0,0.0
4,19.502,0.2609152499888949,0.3999999999999986,1.3000000000000007
5,20.0,0.0,0.0,0.0
6,20.0,0.0,0.0,0.0
