subset_index,mean_total,std_total,iqr_total,range_total
0,200.0,0.0,0.0,0
1,200.0,0.0,0.0,0
2,199.57,0.7555184185763318,1.0,3
3,200.0,0.0,0.0,0
4,195.02,2.6091524998889515,4.0,13
5,200.0,0.0,0.0,0
6,200.0,0.0,0.0,0
