subset_index,mean_metric,std_metric,iqr,range_metric
0,0.9232802056074142,0.0008550631578294475,0.0011462196707725525,0.004785352945327781
