subset_index,mean_metric,std_metric,iqr,range_metric
0,0.7592702489989539,0.022950572223408492,0.013714598119130561,0.11660093349007139
