subset_index,mean_total,std_total,iqr_total,range_total
0,103.6,5.165933476814107,7.0,24
1,50.21,5.934482353843578,7.25,32
2,56.82,5.691354421534051,7.25,28
3,58.67,4.465479263248801,5.25,18
4,77.11,4.532475409015842,6.0,20
5,97.52,5.861154435188628,8.25,26
6,63.68,4.4673450412041955,5.25,22
