subset_index,mean_metric,std_metric,iqr,range_metric
0,10.36,0.5165933476814101,0.6999999999999993,2.4000000000000004
1,5.021,0.5934482353843579,0.7250000000000005,3.2
2,5.682,0.5691354421534047,0.7250000000000005,2.8
3,5.867000000000001,0.4465479263248801,0.5250000000000004,1.7999999999999998
4,7.711,0.4532475409015844,0.5999999999999996,2.000000000000001
5,9.752,0.5861154435188629,0.8249999999999993,2.6000000000000014
6,6.367999999999999,0.4467345041204197,0.5250000000000004,2.2
