subset_index,mean_metric,std_metric,iqr,range_metric
0,0.9003706377148629,0.0029309812435459504,0.0038834676146507485,0.016304278373718284
1,0.9094953956604005,0.0022542372001302957,0.003151507675647758,0.008777141571044922
2,0.907108745932579,0.0017153909628336993,0.002598325908184096,0.00857664346694953
3,0.9114558954238892,0.0029924358915392477,0.004163078963756561,0.01223556995391839
4,0.9043863527178765,0.00294508343971995,0.003692843019962311,0.014748251438140847
5,0.8885248886346817,0.004475239617080599,0.006594997644424394,0.02296420931816101
6,0.9077757611274719,0.005086230472525107,0.004142001271247864,0.04316366910934455
