subset_index,mean_metric,std_metric,iqr,range_metric
0,0.2798994743046761,0.041438641018459704,0.05229347932793643,0.2039146322678828
1,0.40319668128077274,0.03654301212617421,0.04907062064548845,0.15934616624115533
2,0.24150641181193372,0.044344939978380224,0.06921428768513121,0.19347149132546623
3,0.08858082044617474,0.03318908326961551,0.04395189360657263,0.1827105945755577
4,0.17409112468143867,0.04079300398995977,0.06533031046947813,0.20185514246739922
5,0.1442808413449641,0.028620812654282093,0.03774940728273646,0.142713014675823
6,0.2322469745660689,0.042990398331338074,0.06607927067852051,0.20900836569248243
