subset_index,mean_metric,std_metric,iqr,range_metric
0,0.25813874977911244,0.04440980275066987,0.06026061650097986,0.22476999525322366
1,0.45296602197110336,0.0405940051109254,0.0624008770582366,0.17508081643242168
