subset_index,mean_metric,std_metric,iqr,range_metric
0,1.6469999999999998,0.33073380305745653,0.5,1.7000000000000002
1,0.5770000000000001,0.4455968645048635,0.3,2.1999999999999997
2,1.729,0.40083120707556763,0.4249999999999998,2.4
3,4.39,0.6161955612441311,0.8999999999999999,2.9
4,2.489,0.4834419940552969,0.6999999999999997,2.1
5,2.8489999999999998,0.75778718261885,0.9250000000000003,3.6000000000000005
6,4.515,0.46283600952947895,0.7000000000000002,2.7
