subset_index,mean_total,std_total,iqr_total,range_total
0,16.47,3.307338030574565,5.0,17
1,5.77,4.455968645048634,3.0,22
2,17.29,4.008312070755675,4.25,24
3,43.9,6.161955612441312,9.0,29
4,24.89,4.834419940552968,7.0,21
5,28.49,7.577871826188497,9.25,36
6,45.15,4.628360095294787,7.0,27
