subset_index,mean_metric,std_metric,iqr,range_metric
0,0.7106392941427839,0.03627814998242778,0.05032453238981238,0.192370507495216
1,0.8165851941998505,0.02310011640294495,0.030747140949849983,0.09730428680890713
2,0.7147267493746213,0.04635832919886288,0.0627184527036917,0.19169287386983103
3,0.6414713449035344,0.030574118555637412,0.042859134450951686,0.14261223078330398
4,0.707802737594398,0.03328107224762015,0.0429934844362031,0.15680919588097564
5,0.7620200904285943,0.025713740201398,0.03332635834627462,0.11040357649637556
6,0.6156157069561714,0.04973927150687836,0.07807779237628265,0.20770545900701148
