subset_index,mean_metric,std_metric,iqr,range_metric
0,0.925779212296009,0.003616589132330902,0.004236645996570587,0.01814784407615666
1,0.9288034684062003,0.008117016884419707,0.012339900434017115,0.032636791467666626
2,0.923055660367012,0.004479472540095236,0.005929808318615115,0.020586067438125633
3,0.9155361524224281,0.004447674557657825,0.005911257863044805,0.020317113399505593
4,0.9201896582841873,0.0035522622378065037,0.0046679064631462985,0.018359619379043624
5,0.9198055955171586,0.004645606432576036,0.0074508696794509666,0.02104602456092841
6,0.9159605311155319,0.004136470429855762,0.005849801003932953,0.017478418350219682
