subset_index,mean_metric,std_metric,iqr,range_metric
0,0.5272897300431665,0.03423978653801559,0.048080519591009785,0.15103617012312476
1,0.5978712664128819,0.02654223438178188,0.04070866890909386,0.13188212514328235
2,0.43813346445780554,0.025328809587678195,0.03320496134388301,0.12019820818254129
3,0.46505467147460344,0.03717840303127795,0.049840224781590836,0.18326045033552207
4,0.4769896782371905,0.03544186114618299,0.04439272917883058,0.15604084432048948
5,0.5467001071093296,0.04125657437318219,0.06722899456514408,0.15818993560513428
6,0.5893125713331178,0.03582501149327168,0.055681368867712466,0.14327281117000834
