subset_index,mean_metric,std_metric,iqr,range_metric
0,0.902682186961174,0.0015134514396798245,0.0017607882618904114,0.0082239270210267
1,0.9060684219598769,0.0016957268908654038,0.0020618766546248724,0.00852099061012268
2,0.9035511685013771,0.0012805573511241038,0.0015960678458213362,0.006552612781524636
3,0.9026362351179122,0.0027213976524036038,0.002449104189872764,0.01623181104660043
4,0.9012774636149407,0.001444463106625545,0.0017788305878639887,0.006911945343017534
5,0.8999357174038888,0.0013451498470304186,0.001692415773868583,0.007668483257293746
6,0.9046079283356667,0.0012551062820581708,0.002043819427490323,0.005671614408493064
