subset_index,mean_total,std_total,iqr_total,range_total
0,116.82,8.382738396866687,11.25,42
1,75.55,7.541635275340662,11.25,31
2,96.2,7.34296887636002,11.0,34
3,118.35,7.042977733426064,9.25,35
4,129.65,5.888483881632216,8.25,29
5,120.42,6.037224594801888,7.25,29
6,89.51,7.252300227228502,10.0,38
