subset_index,mean_metric,std_metric,iqr,range_metric
0,11.682,0.8382738396866687,1.125,4.199999999999999
1,7.555,0.7541635275340663,1.125,3.1000000000000005
2,9.62,0.7342968876360018,1.0999999999999996,3.3999999999999995
3,11.835,0.7042977733426065,0.9249999999999989,3.5
4,12.965,0.5888483881632216,0.8250000000000011,2.9000000000000004
5,12.042,0.6037224594801888,0.7250000000000014,2.9000000000000004
6,8.951,0.7252300227228501,1.0,3.8
