subset_index,mean_metric,std_metric,iqr,range_metric
0,0.8773699332475663,0.002468091654113337,0.003407271206378959,0.012438619136810325
1,0.884500323832035,0.003128488216375824,0.004040667414665355,0.0161576688289643
2,0.888275911271572,0.0018029471210799896,0.002363471686840146,0.009404528141021773
3,0.9058646579980851,0.0026664940055546233,0.003991019725799516,0.0122458875179291
4,0.8813101019859314,0.002443373680329221,0.003500324487686224,0.013201421499252297
5,0.874022846698761,0.0018588290449091272,0.0023880660533903697,0.009707170724868708
6,0.9032497429251671,0.003571846833037105,0.00326588749885548,0.022338175773620628
