subset_index,mean_metric,std_metric,iqr,range_metric
0,0.22985959921063157,0.03537402190007779,0.04326453012739137,0.1737604189607949
1,0.23623602002998775,0.03839140913321824,0.04830353119018144,0.20151956167429447
2,0.27360115018982645,0.034495883440800866,0.05830028062659484,0.13363776465814303
3,0.1677911041333655,0.03140651751818741,0.04820163234347788,0.14812060685057396
4,0.24323709372632887,0.0287206966395858,0.03941647551225644,0.15135542761539733
5,0.20843812820672586,0.03132407374812122,0.042685292653669965,0.17959274265558553
6,0.3339270309856698,0.038552015292842544,0.04449563473060336,0.19939349897924458
