subset_index,mean_metric,std_metric,iqr,range_metric
0,0.7566869093359538,0.022385834794940895,0.02915304452271239,0.10105872005298411
1,0.7668829969194312,0.026582472946596533,0.040784937143575006,0.11405014395755941
2,0.6127371516936835,0.029125990338593616,0.03908409923509659,0.13486158922550318
3,0.5992689323976496,0.032268423205443625,0.041062856835063055,0.15512515418706685
4,0.774228986402001,0.018011957200103224,0.02356064021526605,0.09342130125204395
5,0.7420399671827782,0.019185394243012563,0.023435038331613867,0.1068794250496431
6,0.7173966303501179,0.02630283542508142,0.03150068595987732,0.14521551132537147
