subset_index,mean_metric,std_metric,iqr,range_metric
0,0.9334114642739295,0.0006527220703462095,0.0009138211607933044,0.0029043078422545943
1,0.9456547439694404,0.0006223644287146627,0.0007120043039322566,0.0028819382190704568
2,0.9336344802379608,0.0011286284001333423,0.0015436455607414912,0.00538182258605957
3,0.9146931377649307,0.0023167468016501557,0.003314760327339128,0.0128806352615356
4,0.9396129008531571,0.0007618394510228077,0.0008199766278267351,0.004992407560348466
5,0.939925556063652,0.0007170597075406029,0.000919245183467865,0.003713297843933039
6,0.9329017112255096,0.0009035678261806235,0.0013145402073861945,0.0042441606521606
