subset_index,mean_metric,std_metric,iqr,range_metric
0,0.9583220577836036,0.00018513869913814384,0.00024476349353796945,0.0007440447807312012
