subset_index,mean_metric,std_metric,iqr,range_metric
0,0.5353420631133858,0.03891755479871099,0.05554053466789899,0.19308872967952528
1,0.6522868046618089,0.03218593435078626,0.04705210179087238,0.1591725319623517
2,0.5869605004030928,0.04425338938463077,0.05707243643617743,0.22496872022453462
3,0.7208604612972127,0.03290489107408331,0.04172636196002999,0.1341320037843189
4,0.6643030509734044,0.03700135166412009,0.03664393611269756,0.20041640177270037
5,0.6057150665601947,0.0317203807523793,0.03774000331764982,0.16229251325109073
