subset_index,mean_metric,std_metric,iqr,range_metric
0,3.9930000000000003,0.5805352806860337,1.0,2.6
1,3.843,0.5705313844181235,0.8000000000000003,2.8
2,4.9,0.47651936694189784,0.6000000000000005,2.0999999999999996
3,2.948,0.5718091085018291,0.6999999999999997,3.2
4,2.565,0.41666666666666663,0.5,2.1999999999999997
5,3.989,0.6892969628761635,0.9000000000000004,3.9
