subset_index,mean_total,std_total,iqr_total,range_total
0,158.53,7.487976894982917,10.25,42
1,129.45,6.793304784785519,9.0,32
2,142.97,7.101650114123786,11.0,33
3,169.85,6.84367288711687,9.0,30
4,175.98,5.803133949545161,6.5,32
5,163.5,4.37278082245293,5.25,27
6,150.94,5.820236379662906,8.5,26
