subset_index,mean_metric,std_metric,iqr,range_metric
0,0.9583643615245819,0.0006875893839876799,0.0007732525467872842,0.003476053476333618
1,0.963194623708725,0.0005431418379195928,0.0006279990077019404,0.0028892993927002175
2,0.9678524063825606,0.0008776559889473666,0.0011027067899704868,0.003892570734024048
3,0.9674631649255753,0.001015600217488122,0.0013194829225540161,0.004525023698806696
4,0.9631118035316467,0.000899156967742317,0.0012241855263709356,0.004634720087051347
5,0.9652931533455849,0.0008301097212664414,0.0010953649878502336,0.004640710353851385
6,0.9603964568376542,0.0026186215532970373,0.001882113516330719,0.014250731468200661
