subset_index,mean_metric,std_metric,iqr,range_metric
0,0.4963527282669725,0.028818785231716576,0.04070088495560248,0.1390817915776465
1,0.6714452051627811,0.02593003121315476,0.032494869453466246,0.12705225310478585
2,0.5200843805235413,0.028485104369450426,0.04309501225347634,0.12834357717642164
3,0.49153434948113,0.03945643456114861,0.05730318613607588,0.16593379212885995
4,0.535506159086012,0.032142030985008965,0.033427018384332596,0.18829841929940278
5,0.4753930387913718,0.0470110300369786,0.060326000364844035,0.2301294218721826
6,0.5750482823308736,0.03223115116760134,0.0405658517036831,0.16679577273435608
