subset_index,mean_metric,std_metric,iqr,range_metric
0,15.853,0.7487976894982913,1.0249999999999986,4.199999999999999
1,12.945,0.6793304784785529,0.9000000000000004,3.1999999999999993
2,14.297,0.7101650114123781,1.0999999999999996,3.3000000000000007
3,16.985,0.6843672887116871,0.8999999999999986,3.0000000000000018
4,17.598,0.580313394954518,0.6499999999999986,3.200000000000003
5,16.35,0.43727808224529224,0.5249999999999986,2.700000000000001
6,15.094000000000001,0.5820236379662899,0.8500000000000014,2.6000000000000014
