subset_index,mean_total,std_total,iqr_total,range_total
0,21.16,6.968500556073737,7.25,36
1,14.65,4.333041948245195,7.0,21
2,20.64,3.4186653429771003,5.0,16
3,33.32,7.279249600575235,10.0,35
4,21.61,5.7522854483055585,8.0,37
5,21.44,8.107011555661948,12.0,38
6,12.65,6.437539840025783,7.25,30
7,17.97,5.634409077850636,6.0,28
8,49.39,7.519530127164419,9.25,34
9,9.83,4.834754232104099,3.0,20
