subset_index,mean_total,std_total,iqr_total,range_total
0,2.97,1.1845384388576479,2.0,5
1,3.76,1.5706911558516867,2.0,7
2,8.99,3.236455849327542,4.25,15
3,4.0,1.820200899112873,2.0,8
4,2.59,1.378734597705117,1.25,5
5,3.14,1.740892607459481,2.0,8
6,6.55,1.5067189585991212,2.25,6
7,10.52,2.00242277496461,3.0,8
8,7.13,2.452189291884361,4.0,11
9,4.25,2.1479377001292113,4.0,8
