subset_index,mean_metric,std_metric,iqr,range_metric
0,15.585,0.5401786086961696,0.8000000000000007,2.9000000000000004
1,17.398,0.6076914421718381,0.8249999999999993,3.4999999999999982
2,17.009,0.6530573009957389,1.0,2.900000000000002
3,13.458,0.5603353973967352,0.8250000000000011,2.9000000000000004
4,18.034000000000002,0.4100307946060299,0.5250000000000021,2.1000000000000014
5,14.927,0.5837626126078883,0.8000000000000007,2.6000000000000014
