subset_index,mean_metric,std_metric,iqr,range_metric
0,0.9194134027361869,0.0013162066773610794,0.001514427363872528,0.006113916635513306
