subset_index,mean_metric,std_metric,iqr,range_metric
0,0.6500876906472901,0.030516870194153084,0.04551667496955092,0.1502065807562707
