subset_index,mean_metric,std_metric,iqr,range_metric
0,7.374,0.5463598547743884,0.7999999999999998,2.8999999999999995
1,12.025,0.5265429467265461,0.8000000000000007,2.4000000000000004
2,10.021,0.3565533663146419,0.42499999999999893,1.9000000000000004
3,8.988999999999999,0.6193667342658559,0.9000000000000004,3.7
4,10.399000000000001,0.6235277609592605,0.9250000000000007,3.4000000000000004
5,8.192,0.4730472887288726,0.5250000000000004,2.5999999999999996
6,10.146,0.6301226431850752,0.7249999999999996,2.799999999999999
