subset_index,mean_metric,std_metric,iqr,range_metric
0,0.9682002416849136,0.001935289749649375,0.002245324850082331,0.009353846311569214
1,0.9612034667134285,0.0021276270856491774,0.0030564904212951882,0.009080964326858454
2,0.9611754553318024,0.0025371817825646696,0.0033715367317198597,0.013294017314910977
3,0.9611870526075363,0.003619387428915844,0.0059334099292756015,0.014920002222061246
4,0.9650286135673523,0.0018631065035451548,0.002649940550327412,0.008976268768310591
5,0.9649856363534927,0.0017199903624833673,0.0023861363530157664,0.007087385654449441
6,0.9667515474557876,0.002432116865682106,0.003348040580749556,0.010916894674301125
