subset_index,mean_metric,std_metric,iqr,range_metric
0,0.7096225317246022,0.028022790380720416,0.043607452331583585,0.11681281328274651
1,0.684033634164617,0.043977952388771564,0.059836071429419935,0.19642684850552905
2,0.6894070028446994,0.04179359113489604,0.05796449854740626,0.20330932215039965
3,0.626142429121447,0.04290749233174841,0.06097205597836686,0.20082433196242744
4,0.6758320832412911,0.03019408721981374,0.04114112481559251,0.13023450672299697
5,0.7172997577050658,0.034864770545808055,0.04961499641222722,0.16893508089891263
6,0.7364050339527138,0.025568165829951882,0.02536715697497105,0.12914214432204185
