subset_index,mean_total,std_total,iqr_total,range_total
0,73.74,5.463598547743884,8.0,29
1,120.25,5.265429467265464,8.0,24
2,100.21,3.5655336631464176,4.25,19
3,89.89,6.193667342658558,9.0,37
4,103.99,6.235277609592603,9.25,34
5,81.92,4.730472887288728,5.25,26
6,101.46,6.301226431850754,7.25,28
