subset_index,mean_metric,std_metric,iqr,range_metric
0,0.9582293728590011,0.0003163315370131353,0.00021126270294191674,0.0031061232089997226
1,0.9500994490981103,0.0008041848386257115,0.0007236361503600852,0.0036867439746856023
2,0.9555550752878189,0.00024257630928152562,0.0002896144986153093,0.001324331760406472
3,0.9500963335633279,0.0007594863176977789,0.0009968787431716697,0.003981947898864746
4,0.9493935979008674,0.0006767074175649871,0.0010528013110161494,0.0027594566345214844
5,0.9552011981606483,0.0004514340443281974,0.0006093591451644675,0.001937937736511186
6,0.9435822729468346,0.00035828518426804214,0.00033532679080960914,0.0020349442958831343
