subset_index,mean_metric,std_metric,iqr,range_metric
0,0.6245197830040018,0.05233852491247131,0.0734053557880413,0.244703713056242
1,0.5841841300383299,0.051869342291903014,0.07685428409069484,0.2744589664055201
2,0.7747180260331199,0.04207137459058504,0.05835156516212292,0.15588286221319703
3,0.5781805867763241,0.047065165541817354,0.05259651497696938,0.25219092443975916
4,0.7288936558893313,0.03248470615645791,0.02747043222297063,0.18863408268385873
5,0.6507969261745964,0.05498805120718104,0.09068876579290752,0.24277913167797882
6,0.6257182818839716,0.04332107947813322,0.05854181204872144,0.21864475913436232
