subset_index,mean_metric,std_metric,iqr,range_metric
0,16.55,0.3672172175272902,0.3000000000000007,2.0999999999999996
1,17.402,0.2888430422051097,0.40000000000000213,1.5
2,15.719000000000001,0.43291238295194495,0.5999999999999996,1.9000000000000004
3,17.137999999999998,0.25654266977277235,0.3000000000000007,1.3999999999999986
4,13.645,0.5362373588724544,0.6999999999999993,2.799999999999999
5,16.695,0.38960612070773354,0.5249999999999986,1.8999999999999986
6,19.757,0.20313452774857527,0.22499999999999787,0.8000000000000007
