subset_index,mean_total,std_total,iqr_total,range_total
0,165.5,3.6721721752728986,3.0,21
1,174.02,2.8884304220511066,4.0,15
2,157.19,4.329123829519447,6.0,19
3,171.38,2.56542669772772,3.0,14
4,136.45,5.362373588724539,7.0,28
5,166.95,3.8960612070773433,5.25,19
6,197.57,2.0313452774857463,2.25,8
