subset_index,mean_total,std_total,iqr_total,range_total
0,16.85,3.723729530479035,4.0,18
1,23.63,5.571672581329178,8.0,25
2,51.34,5.481318133884266,8.25,28
3,28.67,4.325295575816965,5.25,21
4,24.69,7.247005651239061,10.0,35
5,37.06,3.4342893638048966,5.0,17
6,41.39,3.8714051425519607,5.0,20
