subset_index,mean_metric,std_metric,iqr,range_metric
0,0.9245174739360809,0.004552725741506187,0.006184843182563737,0.02230006456375122
1,0.9226298401355743,0.005489419872712855,0.007869997620582714,0.024570542573928877
2,0.9138992556929588,0.003535478192652126,0.0051611185073853205,0.015653055906295732
3,0.9161638008952141,0.003435392057651215,0.004117715358734175,0.016492486000061035
4,0.9167561810016632,0.004289843146323119,0.006118415296077817,0.019610023498535134
5,0.914046468257904,0.004026887005515312,0.005341790616512299,0.019432646036148027
6,0.9190760812759399,0.003032048674062831,0.004652589559555165,0.015663635730743364
