subset_index,mean_metric,std_metric,iqr,range_metric
0,0.6433161992043146,0.06520009380082922,0.09216128327036821,0.3031488731613556
1,0.6708199291359379,0.050871528957099045,0.06453319849158456,0.27000266686718555
2,0.6665341406919029,0.041236822899817324,0.05881088715893068,0.22721161654748667
3,0.6885679074451307,0.04646867772025429,0.0614560896062708,0.2250202470047138
4,0.70802055522552,0.045474958655398634,0.05226761885509168,0.24016544929873274
5,0.6633017627876885,0.0363342491334614,0.045592970308684255,0.17475227851927255
6,0.5597334878313689,0.053989861810276506,0.068335205749672,0.2370291422888663
