subset_index,mean_metric,std_metric,iqr,range_metric
0,1.685,0.3723729530479035,0.3999999999999999,1.8
1,2.363,0.5571672581329179,0.7999999999999998,2.5
2,5.1339999999999995,0.5481318133884266,0.8250000000000002,2.8
3,2.867,0.4325295575816966,0.5249999999999999,2.0999999999999996
4,2.469,0.7247005651239061,1.0,3.5
5,3.7060000000000004,0.3434289363804894,0.5,1.6999999999999997
6,4.138999999999999,0.3871405142551961,0.5000000000000004,2.0
