subset_index,mean_metric,std_metric,iqr,range_metric
0,0.9560215418338776,0.000982716660085452,0.001119729876518205,0.007509684562683083
1,0.9410278865098953,0.0008818965686234787,0.0010850876569747925,0.0038194358348846436
2,0.9509824652075767,0.000705045805328248,0.0009848535060882346,0.0032163262367248535
3,0.9453973914980888,0.0006078160289468056,0.000770550966262884,0.004092127084732056
4,0.9515979313850402,0.0007919101170512222,0.0009581163525581582,0.004340898990631059
5,0.9448335614800453,0.0007147598883573683,0.0008098393678664939,0.003966879844665483
6,0.9525295282602311,0.00040780388746685064,0.0005709931254387346,0.002007764577865667
