subset_index,mean_total,std_total,iqr_total,range_total
0,187.52,2.0767106858508906,3.0,12
1,184.11,1.2544466364243545,2.0,5
2,170.63,6.092974924808356,8.25,33
3,187.12,1.7539565662705674,2.0,9
4,199.67,0.779212241415472,0.0,3
5,194.12,2.768071932270224,4.0,12
6,182.31,3.7704191552214175,5.0,25
