subset_index,mean_metric,std_metric,iqr,range_metric
0,18.752,0.20767106858508871,0.29999999999999716,1.2000000000000028
1,18.410999999999998,0.12544466364243478,0.1999999999999993,0.5
2,17.063,0.6092974924808371,0.8249999999999957,3.3000000000000007
3,18.712,0.1753956566270563,0.1999999999999993,0.9000000000000021
4,19.967,0.07792122414154724,0.0,0.3000000000000007
5,19.412,0.2768071932270226,0.40000000000000213,1.1999999999999993
6,18.230999999999998,0.3770419155221423,0.5,2.5
