subset_index,mean_metric,std_metric,iqr,range_metric
0,0.5828705764959264,0.03327650213447585,0.048541186553275106,0.1658213228047346
1,0.640708249898039,0.04493266919425773,0.05561470621956599,0.20615246335481552
2,0.6832988489667542,0.0336115169428713,0.045117342469437216,0.1708776257958904
3,0.5848302115609225,0.04605715105041104,0.05834005118230501,0.2014633651416381
4,0.6557496802832611,0.04557514900125081,0.0640337777267147,0.21091448556548686
5,0.7349827174479266,0.029520333783820657,0.04966513589000965,0.11655788794405253
6,0.7782025559030084,0.033900837091068975,0.03958771601938771,0.1520104944705145
