subset_index,mean_metric,std_metric,iqr,range_metric
0,0.9235189880132676,0.0006062235347074707,0.0008245393633843356,0.0027330875396728294
