subset_index,mean_metric,std_metric,iqr,range_metric
0,5.254,0.32703751367929534,0.4250000000000007,1.5999999999999996
1,3.0780000000000003,0.396086920365781,0.6000000000000001,1.7999999999999998
2,3.5639999999999996,0.4191188447929846,0.5,2.6000000000000005
3,3.551,0.27505554994501663,0.42500000000000027,1.2999999999999998
4,2.917,0.3094651626091165,0.3999999999999999,1.5
5,2.739,0.38373365131496495,0.5,2.1999999999999997
6,3.8339999999999996,0.3980305048966511,0.49999999999999956,2.2
