subset_index,mean_total,std_total,iqr_total,range_total
0,52.54,3.2703751367929534,4.25,16
1,30.78,3.9608692036578095,6.0,18
2,35.64,4.191188447929847,5.0,26
3,35.51,2.750555499450166,4.25,13
4,29.17,3.094651626091165,4.0,15
5,27.39,3.83733651314965,5.0,22
6,38.34,3.9803050489665073,5.0,22
