subset_index,mean_metric,std_metric,iqr,range_metric
0,0.9136005858182906,0.003566642353078701,0.0042784988880157915,0.01744874715805056
1,0.9257410181760788,0.004685038686442991,0.00523857474327083,0.02437824010848999
2,0.922567686855793,0.004269175038042042,0.005510249733924888,0.021192377805709817
3,0.9203080142140387,0.004223839874252251,0.005860047042369865,0.01999552249908454
4,0.9212968657612801,0.004190262444184905,0.005562773346901029,0.020189630985260054
5,0.9211119803786277,0.004303880851090603,0.006182451546192125,0.02166774868965149
6,0.926253480374813,0.004214785310609799,0.005737602710723877,0.01993322968482969
