subset_index,mean_metric,std_metric,iqr,range_metric
0,0.4947944604627233,0.0329191456700108,0.041217589007830346,0.15538941669371698
1,0.6642220911857535,0.028303571184659898,0.04074225724037639,0.1212424546483899
2,0.5214421503523903,0.03155400761016941,0.042221819561033436,0.14180149957985633
3,0.4796237212631287,0.039707058193293274,0.05868897642821336,0.19440608315812646
4,0.525424116401644,0.02999209554916491,0.03199208951618937,0.18282887301836276
5,0.4751762175287995,0.047496155196213405,0.05633402521448905,0.261631502951497
6,0.5727965291353619,0.035845676160388994,0.03861812558044597,0.18069073110836875
