subset_index,mean_metric,std_metric,iqr,range_metric
0,0.9004664487838745,0.00024452892265158045,0.0003122657537459883,0.001219034194946289
1,0.8900472950339318,0.0003303366704035383,0.00035220980644223854,0.0021136820316314253
2,0.8995329251289368,0.0003583152727025591,0.0004449978470802973,0.001977610588073664
3,0.901266544163227,0.0004022183203217865,0.0005951911211014016,0.0024172067642211914
4,0.8561135634779931,0.00034069150890329815,0.00033042728900911644,0.0016002357006072998
