subset_index,mean_metric,std_metric,iqr,range_metric
0,0.6506687793922121,0.042810196614977196,0.059653378274097446,0.22470371723458038
1,0.5975962141427488,0.03472329198408529,0.049419049573981466,0.14764692243191335
2,0.617107050879868,0.039926047021211324,0.05424002299122055,0.23590315859907152
3,0.6378798124613546,0.045143237098568094,0.058032359146505064,0.2094643081078943
4,0.634867561709858,0.03787222833669912,0.04988723646977822,0.17319420673753272
