subset_index,mean_metric,std_metric,iqr,range_metric
0,0.9292696464657783,0.0033649413558444006,0.004299218952655837,0.017712068557739213
