subset_index,mean_metric,std_metric,iqr,range_metric
0,0.7222492946684338,0.03748532434861624,0.03624635773492213,0.1705459290954181
