subset_index,mean_metric,std_metric,iqr,range_metric
0,17.464000000000002,0.4844073750992073,0.5,2.400000000000002
1,15.725,0.6350654145897731,0.8250000000000011,2.799999999999999
2,17.848,0.3823056051872322,0.5249999999999986,1.9000000000000021
3,17.869,0.5264124818144996,0.8000000000000007,2.3999999999999986
4,17.332,0.5142180490999918,0.625,2.3000000000000007
5,15.931,0.6028040537958642,0.8000000000000007,3.0
6,17.848,0.6251432159145942,0.75,3.8000000000000007
