subset_index,mean_total,std_total,iqr_total,range_total
0,174.64,4.8440737509920835,5.0,24
1,157.25,6.350654145897735,8.25,28
2,178.48,3.823056051872326,5.25,19
3,178.69,5.2641248181449924,8.0,24
4,173.32,5.142180490999926,6.25,23
5,159.31,6.028040537958644,8.0,30
6,178.48,6.2514321591459385,7.5,38
