subset_index,mean_metric,std_metric,iqr,range_metric
0,0.43606094007969276,0.02688492520174832,0.03267350383359552,0.14814158529402832
1,0.5675626438426982,0.029896067136180114,0.044589682968610656,0.1340415219814421
2,0.4678815479136293,0.030593446704658588,0.03963580932457422,0.1441839966913564
3,0.33163399397403426,0.031670491091175555,0.04315420669015313,0.15272776438183538
4,0.536709600941252,0.027236234098015465,0.038972675053897454,0.11959711313867655
5,0.5123785294984636,0.038389508242362154,0.05992207750074513,0.1699059620451478
6,0.392004544460546,0.03823361470926803,0.044855039454802514,0.21079211300106304
