subset_index,mean_metric,std_metric,iqr,range_metric
0,0.8826139925122262,0.00222540477037403,0.002948656678199657,0.011857366561889626
1,0.8902401942014694,0.002655353253537015,0.0035011902451514976,0.01322361230850222
2,0.8692737858295441,0.005828367188764638,0.004908725619316101,0.045894622802734375
3,0.8763713808059692,0.006268256723598889,0.005553700029850006,0.03964228034019468
4,0.8745881265997886,0.004591087710059026,0.004845125973224618,0.02723976969718933
5,0.8835720263719559,0.0026874709483193293,0.003017547726631209,0.016751098632812544
6,0.877726723730564,0.003169155221572588,0.0031403660774230735,0.01777349710464482
