subset_index,mean_metric,std_metric,iqr,range_metric
0,14.062999999999999,0.6053056661678871,0.7249999999999996,2.8999999999999986
