subset_index,mean_metric,std_metric,iqr,range_metric
0,0.8954841490983964,0.004480102819020662,0.004019339382648535,0.03426617383956909
