subset_index,mean_metric,std_metric,iqr,range_metric
0,0.8996136577129364,0.0009223224773122701,0.0013275012373924477,0.004302716255187966
