subset_index,mean_metric,std_metric,iqr,range_metric
0,0.7139236935319332,0.018919528816322286,0.02113108187820345,0.10955494865983462
