subset_index,mean_metric,std_metric,iqr,range_metric
0,0.8712173467874527,0.005010573470491675,0.005953478813171431,0.02665718197822564
