subset_index,mean_metric,std_metric,iqr,range_metric
0,0.5188172924149349,0.025349832539781566,0.03198114968827648,0.12389114759711906
