subset_index,mean_metric,std_metric,iqr,range_metric
0,14.017000000000001,0.47674294791201516,0.6000000000000014,2.4000000000000004
