subset_index,mean_metric,std_metric,iqr,range_metric
0,0.8609134550094605,0.007586119718639872,0.011196358501911252,0.034833765029907204
1,0.8594943585395813,0.008339903794212405,0.01061721146106731,0.040939509868621826
2,0.8708729456067086,0.007914470000639166,0.012538735568523363,0.033981114625930786
3,0.8614845967888831,0.008121650934946637,0.011299754679202967,0.03621582388877864
4,0.8551442630290985,0.0067091086826434315,0.008777213096618608,0.0326801717281342
5,0.8592906851768494,0.006704115934946765,0.01011291891336441,0.031499212980270364
