subset_index,mean_metric,std_metric,iqr,range_metric
0,0.7228322597748875,0.011342651552618955,0.015582089126029208,0.05797183513643189
1,0.6787350832827961,0.016197134178979618,0.021005021780824862,0.0714040577410292
2,0.7275954951054533,0.010815579014644309,0.014697943627900223,0.05338952541356834
3,0.7050830565698623,0.013537423467250294,0.017752861976433332,0.06866794824557654
4,0.7004950351126175,0.013851683522601677,0.02051895856842012,0.06404883265543626
5,0.6988548231131432,0.010435352057866753,0.01264916658403703,0.055625706911389905
