subset_index,mean_metric,std_metric,iqr,range_metric
0,0.9044046401977539,0.0029819242955528755,0.003565970063209467,0.016142457723617554
