subset_index,mean_metric,std_metric,iqr,range_metric
0,0.6390961693002736,0.03173477044207536,0.04071159437415717,0.16716258526072858
