subset_index,mean_metric,std_metric,iqr,range_metric
0,7.457000000000001,0.5689357422309473,0.8250000000000011,2.9000000000000004
