subset_index,mean_metric,std_metric,iqr,range_metric
0,0.9557063972949982,0.0003195079726780794,0.00032427161931991577,0.0016748487949370672
