subset_index,mean_metric,std_metric,iqr,range_metric
0,27.85,0.7325753658611973,0.9000000000000021,3.400000000000002
