subset_index,mean_metric,std_metric,iqr,range_metric
0,0.9380119923949242,0.0023765665558575996,0.0031027719378471375,0.011755585670471191
1,0.9443171905875206,0.0018772826476815081,0.0021225959062576294,0.01095150709152215
2,0.9435041445493698,0.0023285320768468153,0.003115157783031508,0.013491880893707342
3,0.9473588288426399,0.0018151374376255368,0.00261788368225091,0.009028786420822166
4,0.9476174284219742,0.0019848660394522462,0.0024675399065017256,0.008770525455474854
5,0.94512362575531,0.0022634381119030164,0.0026773482561111006,0.012877112627029397
6,0.9449796305894851,0.0019361413370281965,0.002570456266403287,0.00985605716705329
