subset_index,mean_metric,std_metric,iqr,range_metric
0,0.9633299597501755,0.004438972964584252,0.006419681012630463,0.018819653987884544
1,0.9654355496168137,0.004692236361817628,0.006599351763725392,0.022435808181762718
2,0.9669268998503685,0.004529720734773019,0.005803877115249656,0.020782059431076028
3,0.9717727770209312,0.0043695845677729625,0.004696050286293052,0.020538043975830034
4,0.9716942955851554,0.003974683402910539,0.005219839513301849,0.019995617866516047
5,0.9701837765574456,0.006934034549061318,0.009737901389598846,0.03133884072303772
