subset_index,mean_metric,std_metric,iqr,range_metric
0,0.9556185715794564,0.0018096280356543156,0.002215413749217854,0.009592038393020585
1,0.9628404651284218,0.0013529946033535305,0.0018378704786300437,0.006597161293029785
2,0.9581276675462723,0.002164700458240753,0.0020743384957313538,0.013272631168365523
3,0.9419201827645302,0.0023416001432100078,0.0028832554817199707,0.012544345855712846
4,0.9543215107917785,0.001722767760770048,0.0022550702095032182,0.009776765108108543
5,0.9541213266253472,0.0020361630471861713,0.002781620621681191,0.010284179449081332
6,0.9569236599802972,0.0014406791918575483,0.001751412451267309,0.006366205215454168
