subset_index,mean_metric,std_metric,iqr,range_metric
0,0.36648744130347266,0.03130415303573914,0.03984265978537077,0.15203299075058468
1,0.3842497143542232,0.03736985453019063,0.049017063996420696,0.19095222234611636
2,0.4017575183756828,0.04547175943119552,0.0667646057440407,0.18969505354931154
3,0.43379082644258377,0.03401510018061011,0.04329987627028897,0.17444696649449248
4,0.43306621517073096,0.03881814573710474,0.05504724498568375,0.18453660565929225
5,0.5101626822973084,0.033879030519769815,0.04896642882168889,0.15538805573784253
6,0.3330150032756702,0.05398801935620857,0.07584415090247387,0.2781477015398976
