subset_index,mean_metric,std_metric,iqr,range_metric
0,19.274,0.3713529726594768,0.3999999999999986,2.0
1,19.012,0.36411786303588317,0.3999999999999986,1.6999999999999993
2,19.449,0.34008168953290574,0.4250000000000007,1.6999999999999993
3,18.897000000000002,0.26148565443394384,0.32500000000000284,1.1999999999999993
4,18.945,0.47744585604500267,0.6999999999999993,2.1999999999999993
5,19.344,0.41810539486129544,0.5999999999999979,2.0
6,17.874000000000002,0.49474409260921687,0.5999999999999979,2.5
