subset_index,mean_total,std_total,iqr_total,range_total
0,192.74,3.713529726594777,4.0,20
1,190.12,3.641178630358831,4.0,17
2,194.49,3.4008168953290534,4.25,17
3,188.97,2.614856544339435,3.25,12
4,189.45,4.774458560450024,7.0,22
5,193.44,4.181053948612978,6.0,20
6,178.74,4.947440926092166,6.0,25
