subset_index,mean_metric,std_metric,iqr,range_metric
0,0.48231177982753626,0.006190537075537402,0.0080895200371357,0.02694604098781006
