subset_index,mean_metric,std_metric,iqr,range_metric
0,0.5428522470593452,0.0054791017558014675,0.004977974295616194,0.02331939935684202
