subset_index,mean_total,std_total,iqr_total,range_total
0,7.91,2.1371887510408993,4.0,10
1,6.44,1.22532205620161,1.0,5
2,4.17,1.517939858539005,2.0,8
3,5.23,1.2214827882619554,2.0,6
4,8.88,4.901617955926246,2.0,28
5,5.07,1.7992984042328133,2.0,9
6,16.68,2.9844039047465856,4.0,15
