subset_index,mean_metric,std_metric,iqr,range_metric
0,0.9484084651470184,0.006459568699908334,0.007407809793949061,0.03226768970489502
1,0.9541413032412529,0.0053344387570952835,0.007347154617309615,0.026690518856048562
2,0.9615916442871094,0.004972302281433707,0.006039230525493711,0.02235844135284426
3,0.9539316902756692,0.005481949259569409,0.008578808605670951,0.026192653179168746
4,0.9489765038155019,0.01985965451801914,0.0070464402437210305,0.1165587909519673
5,0.9532635840177537,0.007260326973054751,0.00784215629100804,0.0386341452598572
6,0.9542859414815902,0.004676386136386964,0.0060120865702629755,0.02510606646537783
