subset_index,mean_metric,std_metric,iqr,range_metric
0,0.7909999999999999,0.21371887510408993,0.4,0.9999999999999999
1,0.644,0.122532205620161,0.09999999999999998,0.5
2,0.41700000000000004,0.15179398585390047,0.2,0.8
3,0.523,0.12214827882619558,0.19999999999999996,0.6000000000000001
4,0.888,0.4901617955926245,0.20000000000000007,2.8
5,0.507,0.17992984042328133,0.19999999999999996,0.9000000000000001
6,1.6680000000000001,0.29844039047465853,0.3999999999999999,1.5
