subset_index,mean_metric,std_metric,iqr,range_metric
0,0.6966447576044128,0.031403021887755886,0.04318030029440778,0.17551420950134022
1,0.6799941406901034,0.0465702041557487,0.07158931601744267,0.21320710144651622
2,0.7360803327445835,0.03286961601168821,0.049760212749404786,0.1613421106639309
3,0.714202343556079,0.037421978404705014,0.05999977500116693,0.1362881734038187
4,0.6589946018308953,0.0446744873172832,0.056304060017576374,0.303001923113393
5,0.7301697419440754,0.03925180433407034,0.05185527992483063,0.16610892884380368
6,0.6298693487734923,0.03956520268014596,0.05065364453141585,0.20879717170935863
