{
    "ACDC":0.847413,	
	"BTCV":0.775761,	
	"BUID":0.767265,	
	"DRIVE":0.573849,	
	"HipXRay":0.977724,	
	"PanDental":0.928110,	
	"SCD":0.778620,	
	"SCR":0.950798,	
	"SpineWeb":0.914929,	
	"T1mix":0.809237,	
	"TotalSegmentator":0.802972,	
	"WBC":0.954811
}