subset_index,mean_total,std_total,iqr_total,range_total
0,160.59,4.95045146395455,7.0,28
1,161.09,4.956568950148455,6.0,26
2,183.07,3.903520814274563,6.0,19
3,192.17,4.517206162569018,6.0,19
4,167.11,6.043437044689992,9.0,31
5,183.71,3.6880779807264363,4.0,21
6,195.46,2.88996871815582,5.0,11
