subset_index,mean_metric,std_metric,iqr,range_metric
0,16.059,0.49504514639545416,0.6999999999999993,2.799999999999999
1,16.109,0.495656895014845,0.5999999999999979,2.599999999999998
2,18.307000000000002,0.3903520814274562,0.6000000000000014,1.8999999999999986
3,19.217,0.4517206162569025,0.6000000000000014,1.8999999999999986
4,16.711,0.6043437044689992,0.8999999999999986,3.0999999999999996
5,18.371,0.3688077980726438,0.40000000000000213,2.099999999999998
6,19.546,0.2889968718155812,0.5,1.1000000000000014
