subset_index,mean_metric,std_metric,iqr,range_metric
0,0.40898546708302175,0.03893610848708351,0.056839346716346606,0.1864218721948539
1,0.40084529040176464,0.043781617678438516,0.06037046255360273,0.23027762754108277
2,0.39189286154597525,0.03865958547678341,0.0563846792074601,0.17769276250815674
3,0.40637062012308517,0.05722404689783955,0.08348974252042246,0.25465586775218924
4,0.3850637605249752,0.04203602344423328,0.05407620829649462,0.18549298316942175
5,0.3513217879174044,0.02998511148551011,0.04300627271276353,0.12969169102753164
6,0.30369835731435924,0.04614690992563225,0.04338402893487492,0.2537390659406409
