subset_index,mean_metric,std_metric,iqr,range_metric
0,0.9622652541399002,0.0006674261586257005,0.0007939085364341292,0.00327556133270257
1,0.965803102195263,0.0006663477569094209,0.0007821112871170266,0.0035417377948760986
2,0.9601964357495308,0.0008164413850481839,0.0011333137750625388,0.004372352361679099
3,0.9594288509488106,0.001069398820940623,0.0014551162719727007,0.005337715148925781
4,0.9652725752592087,0.0009701703388898061,0.0011151984333992448,0.004895222187042192
5,0.9515063137412071,0.0009138972420555818,0.0012468904256819346,0.0048954784870147705
6,0.956847827732563,0.0008884562605614589,0.0010960713028907998,0.004932415485382036
