subset_index,mean_metric,std_metric,iqr,range_metric
0,0.4203197338284611,0.026584121448340308,0.037875974949825864,0.11988867439197987
