subset_index,mean_metric,std_metric,iqr,range_metric
0,0.9387224725484847,0.0013780914972239117,0.0014417827129363792,0.008192950487136863
