subset_index,mean_metric,std_metric,iqr,range_metric
0,0.9236116464734078,0.0008491814483243474,0.001242887973785467,0.003272867202758878
