{
  "immediate": {
    "epoch": 15.0,
    "mae": 0.5157441616450485,
    "rmse": 0.6795811942057558,
    "r2": 0.7050595911251221,
    "pearson": 0.8414870801230226,
    "spearman": 0.8129694678217259,
    "mse_norm": 0.29494038224220276,
    "rmse_norm": 0.5430841391922644,
    "best_epoch": 15.0
  },
  "ctg": {
    "epoch": 20.0,
    "mae": 1.584945417821421,
    "rmse": 2.106621949296539,
    "r2": 0.7555638515695519,
    "pearson": 0.8748305869498348,
    "spearman": 0.8794573506627067,
    "mse_norm": 0.24443615972995758,
    "rmse_norm": 0.49440485407200196,
    "best_epoch": 20.0
  }
}