{
  "immediate": {
    "mean": 1.1875212535744648,
    "std": 1.2513368129730225
  },
  "ctg": {
    "mean": 5.373886119483731,
    "std": 4.260924816131592
  }
}