subset_index,mean_metric,std_metric,iqr,range_metric
0,19.084,0.67220727923954,0.9000000000000021,2.8000000000000007
1,19.233,0.5019265912763566,0.75,2.1000000000000014
2,18.991,0.7446909738036617,1.0,3.8000000000000007
3,19.689,0.3290313300608575,0.5,1.6000000000000014
4,19.252,0.6338084342395031,1.0,3.0
