subset_index,mean_metric,std_metric,iqr,range_metric
0,0.9612737799882889,0.0026449882789070403,0.0029942780733108743,0.015114307403564453
1,0.954036198735237,0.018053178118695678,0.005670212209224701,0.13236650824546814
2,0.9612967334985733,0.0027350830062488406,0.003961923718452387,0.01385089159011843
3,0.9595370054841041,0.002273751244856759,0.003612105548381872,0.010754668712615989
4,0.9603449909090996,0.002966142888828649,0.00436396002769468,0.015399569272995017
