subset_index,mean_metric,std_metric,iqr,range_metric
0,0.8288708589080795,0.003298846156887546,0.004030190408229717,0.013890087604522705
1,0.7652218832973348,0.02771646407311067,0.025486610829840717,0.14693326950097252
2,0.8350817871693406,0.0038593091685502497,0.005377046763987758,0.019295978546204573
3,0.8271744522456227,0.004621943113021811,0.005817422270696593,0.02315608859068885
4,0.8282129906419675,0.0043135213857848674,0.005902408063397702,0.02205147147176134
