subset_index,mean_total,std_total,iqr_total,range_total
0,190.84,6.722072792395408,9.0,28
1,192.33,5.019265912763565,7.5,21
2,189.91,7.446909738036623,10.0,38
3,196.89,3.290313300608563,5.0,16
4,192.52,6.338084342395036,10.0,30
