subset_index,mean_metric,std_metric,iqr,range_metric
0,0.08625890818619585,0.02802878767626409,0.037431162357397935,0.13703359612545868
1,0.03811910466811164,0.023821633396872745,0.03308626844229423,0.0974961263236285
2,0.09301303872598421,0.02702198095412615,0.03918153323899802,0.12942213860966345
