subset_index,mean_metric,std_metric,iqr,range_metric
0,0.8737262926697731,0.0042995174656154074,0.006167763471603305,0.019064664840698242
1,0.883345694243908,0.0038044877329717797,0.005267110466957048,0.021631467342376753
2,0.9080530343055725,0.0026528822327505364,0.0028489634394645025,0.018814909458160334
