subset_index,mean_metric,std_metric,iqr,range_metric
0,20.0,0.0,0.0,0.0
1,20.0,0.0,0.0,0.0
2,19.403,0.19408162398247983,0.1999999999999993,1.0
