subset_index,mean_total,std_total,iqr_total,range_total
0,46.02,3.466958029713941,5.0,17
1,45.52,3.9835013277621516,5.0,20
2,48.72,4.874340152183875,7.25,21
3,38.32,4.230433270548733,6.0,20
4,50.82,4.217280467962089,6.0,20
5,20.97,2.1809783737274118,3.0,9
6,30.23,2.489797363058068,3.25,13
7,47.71,4.040939484722818,6.0,19
8,29.09,3.284782790352807,4.0,19
9,31.83,2.9095974937708444,4.0,15
