subset_index,mean_metric,std_metric,iqr,range_metric
0,0.9526545326113701,0.0008399746369676763,0.0012447461485861622,0.0037709653377533403
