subset_index,mean_metric,std_metric,iqr,range_metric
0,0.8176148394389545,0.01055621686768613,0.006863602994537921,0.060873156785964944
