subset_index,mean_metric,std_metric,iqr,range_metric
0,15.583,0.6457405114136855,0.9000000000000021,3.3000000000000007
