subset_index,mean_metric,std_metric,iqr,range_metric
0,0.7221849862939953,0.011332184858868872,0.015582089126029208,0.05797183513643189
1,0.6787350832827961,0.016197134178979618,0.021005021780824862,0.0714040577410292
2,0.727646003813215,0.010371544143183479,0.01574359089132693,0.050108522176586456
3,0.7043597798355101,0.013662046187687274,0.01610671877839054,0.07275412678678483
4,0.7004173823900204,0.014331030139530705,0.01951865106806716,0.07280887365335398
5,0.698037255764663,0.01241981191811733,0.01850524693731259,0.0564167916777778
