subset_index,mean_total,std_total,iqr_total,range_total
0,199.93,0.7000000000000003,0.0,7
1,200.0,0.0,0.0,0
2,197.09,3.9160250925207976,5.0,18
3,197.49,3.7213416718145935,5.0,16
4,199.72,1.1983153157494044,0.0,10
5,198.91,2.749086165887635,0.0,16
