subset_index,mean_metric,std_metric,iqr,range_metric
0,19.993,0.06999999999999999,0.0,0.6999999999999993
1,20.0,0.0,0.0,0.0
2,19.709,0.3916025092520797,0.5,1.8000000000000007
3,19.749000000000002,0.3721341671814591,0.5,1.6000000000000014
4,19.972,0.11983153157494139,0.0,1.0
5,19.891,0.2749086165887633,0.0,1.6000000000000014
