subset_index,mean_metric,std_metric,iqr,range_metric
0,0.8604359501600265,0.007808314362525373,0.011292164027690954,0.034833765029907204
1,0.8594943585395813,0.008339903794212405,0.01061721146106731,0.040939509868621826
2,0.871289337515831,0.006740671756186275,0.011228050291538283,0.03161396980285647
3,0.8608711290955543,0.00800573014176506,0.011740879714489005,0.034765154123306274
4,0.8540191464424133,0.00996015155607254,0.009029921889305181,0.09090095162391665
5,0.8581695980429649,0.007108602593446932,0.013367152214050382,0.028164499998092674
