subset_index,mean_metric,std_metric,iqr,range_metric
0,0.919425710439682,0.0029554807418112655,0.003253975510597251,0.01557680368423453
1,0.9215046755671501,0.002081722542517057,0.0024383857846259627,0.012706542015075706
2,0.9160340758562089,0.0025637413512927176,0.0033908441662788835,0.013494133949279785
3,0.9052924857735634,0.0030004471368344104,0.003392130136489868,0.018611294031143144
4,0.9126976150274276,0.002851869246552136,0.004216809570789404,0.011726021766662598
5,0.9135554357767106,0.0020582515184277205,0.00292485654354091,0.011197865009307861
6,0.9189757770895958,0.0034226377135520105,0.003999365866184212,0.01683841943740849
