subset_index,mean_total,std_total,iqr_total,range_total
0,24.88,3.7853518844209026,5.0,18
1,10.61,3.2995102177092397,4.0,21
2,25.84,3.6089675067318736,5.0,17
3,37.54,2.2936891901498107,3.0,9
4,40.6,6.3277487339814655,7.25,29
5,31.18,2.362929187139205,2.25,12
6,27.49,4.871054476925065,6.0,22
