subset_index,mean_metric,std_metric,iqr,range_metric
0,2.488,0.3785351884420905,0.5,1.7999999999999998
1,1.0610000000000002,0.32995102177092406,0.3999999999999999,2.0999999999999996
2,2.5839999999999996,0.3608967506731872,0.5,1.7000000000000002
3,3.7539999999999996,0.2293689190149812,0.2999999999999998,0.9000000000000004
4,4.06,0.6327748733981464,0.7250000000000005,2.8999999999999995
5,3.1180000000000003,0.23629291871392052,0.2250000000000001,1.1999999999999997
6,2.7489999999999997,0.4871054476925064,0.6000000000000001,2.2
