subset_index,mean_metric,std_metric,iqr,range_metric
0,0.7732414361861635,0.020780824664413184,0.025049923361908033,0.12097189724443524
1,0.7842254896155825,0.029960807675601064,0.02561027854660103,0.13722640909145412
2,0.6258465829915144,0.0254187783473305,0.03229376599138478,0.1206913054096943
3,0.6535287420113467,0.02870398418900287,0.04164710472872102,0.13401768504693878
4,0.745612525914741,0.022905331653849784,0.029932765663598593,0.11057676374733771
5,0.7313955113484683,0.02779594698401327,0.04316481575299047,0.12001133561358612
6,0.7419515928985887,0.030535502502083714,0.0425721297056314,0.13761116117474093
