subset_index,mean_total,std_total,iqr_total,range_total
0,198.98,1.752228018924197,1.25,7
1,192.52,2.447344468908085,3.0,10
2,200.0,0.0,0.0,0
3,189.36,3.973447222284803,5.25,17
4,190.16,3.196336286526442,4.0,17
5,177.44,3.613442914585716,4.0,19
6,200.0,0.0,0.0,0
