subset_index,mean_metric,std_metric,iqr,range_metric
0,19.898,0.1752228018924203,0.125,0.6999999999999993
1,19.252,0.24473444689080728,0.29999999999999716,1.0
2,20.0,0.0,0.0,0.0
3,18.936,0.397344722228481,0.5249999999999986,1.6999999999999993
4,19.016,0.3196336286526439,0.3999999999999986,1.6999999999999993
5,17.744,0.3613442914585713,0.3999999999999986,1.9000000000000021
6,20.0,0.0,0.0,0.0
