subset_index,mean_metric,std_metric,iqr,range_metric
0,0.9203247457742691,0.0035144799738066946,0.004881943762302443,0.018136399984359786
1,0.9223735501170158,0.0020152817071576617,0.0023905605077743086,0.010259914398193404
2,0.9071474009752274,0.002430143188135735,0.0034751832485199197,0.01348949074745176
3,0.9181586147546769,0.0025152067698338567,0.0031284272670746294,0.013631546497344993
4,0.9065063690543176,0.0034502635498527712,0.0032903745770455073,0.028777885437011652
5,0.9085778586864471,0.007097246887395899,0.009407089650631084,0.030314314365386896
6,0.8985791556239129,0.0038501126716605524,0.004326139390468664,0.02056117653846745
