subset_index,mean_metric,std_metric,iqr,range_metric
0,0.16881403262131592,0.029215563511904866,0.0376385419134089,0.13043252490511092
1,0.24497162762033792,0.03834763904971505,0.05115013544582103,0.18446192424856123
2,0.16282642691877292,0.04039728951000925,0.06153403664056811,0.16771629762294402
3,0.09381595620819352,0.036012546784953914,0.05027263379682466,0.17786927087656523
4,0.15324023470983636,0.04015958326668447,0.06551075903740186,0.18243982712889673
5,0.14631606128642757,0.022085546701139908,0.02922704934524925,0.10814111038335031
6,0.22836160104865058,0.0302362265756737,0.042893698092810795,0.1517695065542731
