subset_index,mean_total,std_total,iqr_total,range_total
0,36.71,4.901648867081528,6.25,27
1,50.45,6.84367288711687,10.25,29
2,63.73,6.588718549248563,9.0,38
3,47.33,6.366032016599006,8.0,31
4,38.63,7.394585788933615,9.0,33
5,26.39,5.792532636371965,7.0,30
6,60.26,5.5096242699443305,7.0,29
7,77.06,6.561011254895748,10.0,34
8,69.17,5.346678379795228,8.0,26
9,58.99,6.506399336286723,8.0,31
