subset_index,mean_metric,std_metric,iqr,range_metric
0,0.9119387437105179,0.0027312348407649133,0.0038159042596817017,0.012100476026534968
1,0.9158295167088508,0.003239684755694939,0.004350948333740279,0.01426310539245601
2,0.9147964787483215,0.003408528216299268,0.004572984576225236,0.02174171805381775
3,0.9100922112464904,0.0030920825746329553,0.0042611047625541465,0.014766895771026634
4,0.9121803261041641,0.003081064732851367,0.004119913280010268,0.014668685197830267
5,0.9126618584990501,0.0028077933890781714,0.0037968233227729797,0.012554579973220736
6,0.914220652937889,0.003159994017006423,0.00426346659660326,0.015366780757904097
