subset_index,mean_total,std_total,iqr_total,range_total
0,78.15,6.423402603768584,8.25,29
1,52.03,3.5716476123305707,4.0,18
2,68.06,6.177214566289552,10.25,28
3,79.11,5.051042496656538,5.0,30
4,77.6,5.124707431905383,7.0,27
5,66.62,6.701092930608145,9.25,30
6,65.19,5.421049508884584,7.0,27
