subset_index,mean_metric,std_metric,iqr,range_metric
0,0.3681811395043353,0.030989195613669234,0.03583357575607082,0.14246244821480908
1,0.37982578432346914,0.03957738873159001,0.05029518334795896,0.20223974966819358
2,0.3975907185781234,0.04496649256606706,0.0736690686748025,0.18418645840725967
3,0.4249292927206041,0.03494034408070075,0.04382085445892431,0.176838155083767
4,0.43084573636386364,0.037745309260895726,0.05467259339622854,0.16184801469122945
5,0.5071308805327586,0.03620642187849875,0.042089498549126414,0.19029317200164397
6,0.32710230951855374,0.05527331777570277,0.07150702885072258,0.29473153725667106
