subset_index,mean_metric,std_metric,iqr,range_metric
0,7.815,0.6423402603768583,0.8249999999999993,2.8999999999999995
1,5.202999999999999,0.357164761233057,0.40000000000000036,1.7999999999999998
2,6.806,0.6177214566289552,1.0250000000000004,2.8
3,7.9110000000000005,0.5051042496656537,0.5,3.000000000000001
4,7.76,0.5124707431905383,0.6999999999999993,2.6999999999999993
5,6.662000000000001,0.6701092930608146,0.9249999999999998,2.999999999999999
6,6.519,0.5421049508884582,0.7000000000000002,2.7
