subset_index,mean_metric,std_metric,iqr,range_metric
0,0.9610780269503593,0.001632654648605343,0.002353237569332034,0.008431822061538696
1,0.9616827868819238,0.001325657625198604,0.001323366165161155,0.00714763402938845
2,0.9638715396523476,0.0013324017908727917,0.001909817755222365,0.005284059047698908
3,0.9620075148940086,0.00146020812787848,0.0019243538379669634,0.006609708070755005
4,0.9640129619836807,0.0015936159947706938,0.0025357842445373757,0.007997500896453902
5,0.9638370851278304,0.00123345435104097,0.0014920547604561074,0.005954426527023382
6,0.9647850081920624,0.0013149727378223227,0.0019422397017478943,0.006953871250152566
7,0.961275308251381,0.001629484727508249,0.0017313033342361006,0.008310163021087669
