subset_index,mean_metric,std_metric,iqr,range_metric
0,19.061,0.5086911309101689,0.6000000000000014,1.8999999999999986
1,18.81,0.6210938542262161,0.8999999999999986,2.5
2,18.89,0.5022173057773119,0.6999999999999993,2.3999999999999986
3,19.507,0.35569110421285693,0.6999999999999993,1.1999999999999993
4,19.354,0.3952802355879489,0.5,1.6999999999999993
5,19.467,0.31464425960282516,0.5,1.3999999999999986
6,17.316,0.6129445408036601,1.0,2.6999999999999993
7,18.05,0.6730752580731995,0.7999999999999972,3.5
