subset_index,mean_total,std_total,iqr_total,range_total
0,190.61,5.08691130910169,6.0,19
1,188.1,6.210938542262157,9.0,25
2,188.9,5.0221730577731165,7.0,24
3,195.07,3.556911042128574,7.0,12
4,193.54,3.952802355879493,5.0,17
5,194.67,3.1464425960282547,5.0,14
6,173.16,6.129445408036605,10.0,27
7,180.5,6.7307525807319895,8.0,35
