subset_index,mean_metric,std_metric,iqr,range_metric
0,0.8655415303707124,0.004139138661898226,0.005222897231578871,0.020533406734466575
1,0.8773610945343971,0.0037645050951010495,0.0036535620689390758,0.025528216361999534
2,0.8938407015800476,0.002635606066970782,0.003183205425739244,0.014368367195129461
