subset_index,mean_metric,std_metric,iqr,range_metric
0,0.08673661781964427,0.026425508677353795,0.035147758264618384,0.13222309437594662
1,0.03729532848953061,0.023135842569576265,0.02844822697329742,0.09415493905281291
2,0.09394932792910708,0.025590544634997704,0.03866642765081038,0.12878138197156722
