subset_index,mean_total,std_total,iqr_total,range_total
0,153.2,5.185449728701336,8.0,24
1,162.59,5.918802431423289,7.0,36
2,128.21,4.065859333672546,6.0,19
