subset_index,mean_metric,std_metric,iqr,range_metric
0,15.32,0.5185449728701347,0.7999999999999989,2.3999999999999986
1,16.259,0.591880243142329,0.6999999999999993,3.5999999999999996
2,12.821,0.406585933367254,0.5999999999999996,1.9000000000000004
