subset_index,mean_total,std_total,iqr_total,range_total
0,37.14,4.880428860109107,6.0,22
1,51.01,7.048884144087466,9.0,38
2,62.96,6.525660305612177,10.25,27
3,47.4,5.803168761699738,8.0,30
4,37.95,7.186371782334908,9.0,38
5,26.75,5.781151889694403,9.0,28
6,59.93,6.418494426816207,8.0,30
7,77.23,7.046533641701877,10.0,42
8,68.72,6.545998855033587,8.0,32
9,59.15,5.93632032406431,7.0,33
