subset_index,mean_metric,std_metric,iqr,range_metric
0,0.7178143741553837,0.0387640174925425,0.04107414456370062,0.18362685975760584
