subset_index,mean_metric,std_metric,iqr,range_metric
0,17.359,0.6881529956735966,0.9000000000000021,3.799999999999999
