subset_index,mean_metric,std_metric,iqr,range_metric
0,0.9641512172818184,0.0005672804026924454,0.0007406368851661238,0.0027312815189360906
