subset_index,mean_metric,std_metric,iqr,range_metric
0,0.482417526474465,0.037594383553291616,0.04664536771256195,0.16467940808198145
