subset_index,mean_metric,std_metric,iqr,range_metric
0,0.8911842428445815,0.0057508122842911385,0.005951409041881628,0.028659218549728416
