subset_index,mean_metric,std_metric,iqr,range_metric
0,0.8997820330262184,0.000853355009600438,0.0010973274707793967,0.0042684257030486394
