subset_index,mean_total,std_total,iqr_total,range_total
0,16.06,1.9838743850752183,2.0,10
1,18.52,1.9513269248582537,3.0,10
2,27.47,2.80855475253373,4.0,15
3,23.69,2.635020556529556,3.0,16
4,24.69,3.067243028841993,4.25,13
5,22.55,3.046358979224711,4.0,14
6,18.78,2.8659618583884496,4.0,14
7,14.38,1.9268438630899172,3.0,10
8,13.99,2.0225746168703096,2.0,11
9,22.51,2.61887091100055,3.0,12
