subset_index,mean_metric,std_metric,iqr,range_metric
0,0.560938729482573,0.023955077000706298,0.028498042374115684,0.1097746802261319
1,0.5395474193770595,0.03997420947115519,0.04880559451516697,0.18818202763691266
2,0.5817444255644341,0.02515594174356783,0.03271082575229234,0.1378676090395865
3,0.670808878815228,0.01924040598957416,0.02794910073461654,0.08880779742918465
4,0.6062148460732801,0.032126563279670006,0.03898951313727739,0.15799738443227762
5,0.6223749136889155,0.022516923894543777,0.0237649954871757,0.10627502500902464
6,0.5605516408913722,0.029240842999911587,0.033764953000999354,0.1866470547054654
