subset_index,mean_metric,std_metric,iqr,range_metric
0,0.9234567276239395,0.0006516459393938525,0.0008450061082839744,0.003441703319549516
