subset_index,mean_metric,std_metric,iqr,range_metric
0,0.7679134974347477,0.02314169176245714,0.015036691725215823,0.1173415119987743
