subset_index,mean_metric,std_metric,iqr,range_metric
0,0.40805483690160876,0.033621158389854654,0.05593324052002602,0.1636292606624163
