subset_index,mean_metric,std_metric,iqr,range_metric
0,0.8544751917719842,0.004378765684065817,0.005631916224956401,0.025264042615890547
