subset_index,mean_metric,std_metric,iqr,range_metric
0,0.7392025092244148,0.007223938627863336,0.010055857151746728,0.03235563635826111
1,0.7717536400258541,0.011820695407417106,0.006496845185756661,0.05697868466377265
2,0.7431085760593414,0.004356263345563611,0.004167851805686906,0.02846042811870575
3,0.726401893645525,0.01569185370739367,0.011087159812450453,0.10634869039058681
