subset_index,mean_metric,std_metric,iqr,range_metric
0,20.0,0.0,0.0,0.0
1,19.954,0.14100648312339545,0.0,0.6999999999999993
2,20.0,0.0,0.0,0.0
3,20.0,0.0,0.0,0.0
