subset_index,mean_metric,std_metric,iqr,range_metric
0,0.9066461331248283,0.0032589179967959917,0.00356273353099823,0.017338657379150302
1,0.8979937317371369,0.0016899108305007831,0.002062714099884011,0.009191954135894798
