subset_index,mean_metric,std_metric,iqr,range_metric
0,0.26572067923809184,0.04353433888468795,0.06404005203740479,0.21889357430611342
1,0.4548683956519873,0.03712350684742459,0.05916950177085972,0.1692544951927798
