subset_index,mean_metric,std_metric,iqr,range_metric
0,19.774,0.2876656308138235,0.3999999999999986,1.1999999999999993
1,20.0,0.0,0.0,0.0
2,20.0,0.0,0.0,0.0
3,20.0,0.0,0.0,0.0
4,20.0,0.0,0.0,0.0
5,20.0,0.0,0.0,0.0
6,20.0,0.0,0.0,0.0
