subset_index,mean_metric,std_metric,iqr,range_metric
0,0.35268804863519,0.04108048892476339,0.05567470238290362,0.18570249093017
1,0.38918265316689005,0.034718326525880125,0.04616350705471933,0.18743040617243567
2,0.5374584430343817,0.0413285371480267,0.04062100825702519,0.21775750772524183
3,0.31529819540767745,0.043011685473393804,0.06042397935129007,0.20734793262485357
4,0.40205854724925194,0.04190158005005266,0.054441576564299154,0.19019167479636095
5,0.5735556995540967,0.03718096217358376,0.05079556431580923,0.18725548064511405
6,0.3391821848762491,0.03471964803322083,0.050438050755037045,0.1645199286927826
