subset_index,mean_metric,std_metric,iqr,range_metric
0,0.9293254123330117,0.0018684794259751284,0.002416013181209542,0.008814162015914895
1,0.9376321126222611,0.001601422895003926,0.002160578966140747,0.008749663829803467
2,0.9248471254706382,0.0016662818349713559,0.002037173509597756,0.008850240707397483
3,0.9405642933249473,0.0018924513273540005,0.002343411743640833,0.010117477178573697
4,0.930741857945919,0.0018688893565617926,0.0024219363927840964,0.009619164466857844
5,0.9200491519570351,0.0036368493951742928,0.003375992178916931,0.03157315850257869
6,0.9145191268920898,0.001942467090523681,0.0025395929813385454,0.009918344020843461
