subset_index,mean_total,std_total,iqr_total,range_total
0,113.13,12.981459194878008,20.25,56
1,119.5,4.725815626252608,6.0,24
2,86.72,9.235504612880955,13.0,45
3,137.81,7.923491476092924,11.25,42
4,110.69,5.046641047130842,6.0,24
5,96.11,6.82226746275264,8.0,36
6,84.63,8.516952791256088,11.5,39
