subset_index,mean_metric,std_metric,iqr,range_metric
0,11.312999999999999,1.2981459194878011,2.0250000000000004,5.6
1,11.95,0.47258156262526113,0.5999999999999996,2.4000000000000004
2,8.672,0.9235504612880957,1.3000000000000007,4.5
3,13.780999999999999,0.7923491476092921,1.125,4.200000000000001
4,11.069,0.504664104713084,0.6000000000000014,2.4000000000000004
5,9.611,0.6822267462752634,0.8000000000000007,3.5999999999999996
6,8.463,0.8516952791256087,1.1500000000000004,3.8999999999999995
