subset_index,mean_metric,std_metric,iqr,range_metric
0,0.897399003148079,0.0026562061064010684,0.003080889582633972,0.014549648761749245
1,0.891923056602478,0.0028166359794188447,0.003845413029193945,0.013785582780837968
2,0.9059727685451507,0.0016131776207562538,0.002083148062229201,0.008247488737106345
3,0.8975657719969748,0.0033512910080959035,0.004379476606845789,0.015517979860305786
4,0.8938512971997261,0.004649561585243861,0.003992451727390378,0.032952618598938055
5,0.9023166509270668,0.00209234691615873,0.0030776381492615412,0.009742271900176958
6,0.9075677573680878,0.0028532080465554963,0.003751032054424286,0.013201427459716863
