subset_index,mean_metric,std_metric,iqr,range_metric
0,0.285531623325913,0.034570418372823083,0.04925234344290802,0.1517291001063299
1,0.46965920597769845,0.03849143897050786,0.05786772462955142,0.17258950322958944
2,0.34275006283260645,0.04407730613680895,0.06276640914011533,0.21865157628461013
3,0.36577243681631416,0.030055129026646515,0.04594825154174442,0.13529158890927995
4,0.2199824113715591,0.03956569810539001,0.045009728500350066,0.18708123255201742
5,0.33667212989614564,0.04904457468888597,0.07983847571572417,0.2085225045720563
6,0.5151230748850049,0.029029474387474843,0.035315744833958995,0.1573948830370141
