subset_index,mean_metric,std_metric,iqr,range_metric
0,0.7956357250518914,0.009985223058381763,0.010065175592768205,0.052573537826197336
1,0.8182635343379363,0.008682304952690253,0.010354915261260644,0.04983502924442296
2,0.7835823688216175,0.013379925960864441,0.016420617699632434,0.060886767506599604
3,0.7758643918342658,0.014212590723507178,0.016936045885119322,0.08001267313970573
4,0.7666313023425023,0.017256477802412427,0.02736426368356326,0.08601485490809868
5,0.7449448670975514,0.011641333918992294,0.015087158978203008,0.07742941007018089
6,0.7476859531111637,0.016013158576878638,0.019473684579193296,0.0892520129679264
