subset_index,mean_metric,std_metric,iqr,range_metric
0,6.9510000000000005,0.6062794301926692,0.9000000000000004,2.8
1,6.587999999999999,0.5541906465533974,0.6000000000000005,2.8999999999999995
2,7.247000000000001,0.6490793791240332,0.9000000000000004,3.6000000000000005
3,7.894,0.657945992687036,1.0,3.1000000000000005
4,8.296,0.7069524865093962,1.0250000000000004,3.500000000000001
5,8.389,0.6932422725749262,0.9000000000000004,3.0999999999999996
6,7.747999999999999,0.5917752781233597,0.5999999999999996,3.2
