subset_index,mean_total,std_total,iqr_total,range_total
0,69.51,6.062794301926694,9.0,28
1,65.88,5.541906465533974,6.0,29
2,72.47,6.490793791240332,9.0,36
3,78.94,6.579459926870362,10.0,31
4,82.96,7.069524865093965,10.25,35
5,83.89,6.932422725749262,9.0,31
6,77.48,5.9177527812336,6.0,32
