subset_index,mean_metric,std_metric,iqr,range_metric
0,0.9181284914612771,0.002162409152334788,0.0030536502599716187,0.012366884946823142
1,0.9324092996120453,0.001303738190417077,0.0015939816832543086,0.006824761629104614
2,0.9241554426550865,0.001530776434438893,0.00203026980161658,0.009438318014144853
3,0.9217821453213692,0.0019431085419839235,0.002246774733066559,0.01299561262130744
4,0.917973660171032,0.001565068571502352,0.0023337721824646662,0.007678180932998657
5,0.9186195857524873,0.0015614896256474812,0.002313844859600067,0.007312929630279519
6,0.9270000503659248,0.0017775487738238014,0.002010299265384652,0.009457230567932129
