subset_index,mean_metric,std_metric,iqr,range_metric
0,0.5243332292706856,0.03287990862622751,0.04595162272485431,0.1448313370329548
1,0.6082410130606646,0.030042683915508385,0.05247687213546981,0.11307409256665735
2,0.4398062697150554,0.023908756086099475,0.033165970439807846,0.1283174673826289
3,0.4663602316359335,0.037024870923363276,0.03951663426505492,0.18893189712328912
4,0.4817793046211803,0.034346868689932114,0.043237513682117756,0.17125194966551804
5,0.5495814719426327,0.043347723298465354,0.08083059324001174,0.17874060011451232
6,0.591730770590225,0.034045051372186406,0.04949344098439257,0.15188493131787595
