subset_index,mean_metric,std_metric,iqr,range_metric
0,0.9180610635280609,0.004364291817402317,0.005581247806549117,0.023201596736907915
1,0.9218852301836015,0.006844729001731152,0.009393589198589236,0.031005680561065674
2,0.9188303216099739,0.005184985929150835,0.006623646616935708,0.032509630918502785
3,0.9178031080365181,0.00426321869415811,0.005903694033622675,0.019956213235855058
4,0.9179432347416878,0.004475992940876879,0.006687347590923265,0.02062408328056331
5,0.9180909337997437,0.0045784606549670375,0.005986192822456382,0.022369635105133012
6,0.9182039234638214,0.004802712441770683,0.006323878467083044,0.02296996712684629
