subset_index,mean_metric,std_metric,iqr,range_metric
0,0.4139232229783982,0.03503975585144795,0.04557638879436021,0.15494164749896416
