subset_index,mean_metric,std_metric,iqr,range_metric
0,0.9362061256766319,0.0011416280950144488,0.0010420039296149541,0.009299927949905418
