subset_index,mean_metric,std_metric,iqr,range_metric
0,0.8476832776665688,0.002832807760284317,0.0034435257315634793,0.017372101545333862
1,0.8441028093099594,0.001766116924959197,0.002492332458496116,0.008779799938201993
2,0.8560638015270233,0.0027138921497288655,0.003974333405494801,0.011869198083877652
3,0.8319762476086616,0.0020903048210011124,0.0023746460676192793,0.010803312063217163
