subset_index,mean_metric,std_metric,iqr,range_metric
0,0.33361815211578155,0.03421704729948107,0.041770817316419295,0.19875958434812138
1,0.3679340382293741,0.047066094179660754,0.06675137047457724,0.2476208731463289
2,0.2558286179268862,0.04794196567311399,0.06568556716291479,0.2063695352538222
3,0.31660385362864046,0.035978402883684965,0.042446489424705525,0.20424239594835542
