subset_index,mean_total,std_total,iqr_total,range_total
0,199.88,0.5734883511361729,0.0,4
1,196.06,3.2777794898129384,6.0,13
2,200.0,0.0,0.0,0
3,198.61,1.693093516780946,2.0,7
4,199.33,1.3710940849916144,1.0,8
5,199.72,0.8537498983243772,0.0,6
6,193.25,2.375697664674403,3.0,13
