subset_index,mean_metric,std_metric,iqr,range_metric
0,0.9310671153664589,0.005758871892573535,0.007398273050784998,0.02626204490661621
1,0.9342633214592934,0.002619113816704803,0.0037415131926535894,0.013172256946563654
2,0.9098694459199905,0.0059134158826393375,0.008403860032558441,0.037420797348022505
3,0.9382569847106933,0.004495381696826568,0.005515572428703264,0.030531752109527632
4,0.9258640064001084,0.004111966985761114,0.005434738099575065,0.023591178655624434
5,0.9196910583376885,0.003768905837377619,0.0048366501927376016,0.01727504730224616
6,0.9425762531757355,0.0026579772556855935,0.003219994902610712,0.011129540205001787
