subset_index,mean_metric,std_metric,iqr,range_metric
0,0.6024397543245902,0.02323156824982033,0.027953090519112433,0.1156110267757341
1,0.5518566451695138,0.03241252265918441,0.053164006770270444,0.1607100337620493
2,0.4891629772568768,0.031405202961998856,0.03830636791828096,0.1788939066226154
3,0.5567660181265124,0.026968740189461837,0.035595287382117036,0.12186268269910389
4,0.3977601156320235,0.033625404520439925,0.04768871605596725,0.18254162445322675
5,0.5706870435685739,0.03760821779451347,0.04475484117915696,0.19150904565850768
6,0.5958836447644446,0.04256348797312061,0.06724450513364966,0.18525992035586952
