subset_index,mean_metric,std_metric,iqr,range_metric
0,19.988,0.057348835113617116,0.0,0.3999999999999986
1,19.605999999999998,0.32777794898129453,0.6000000000000014,1.3000000000000007
2,20.0,0.0,0.0,0.0
3,19.861,0.16930935167809372,0.1999999999999993,0.6999999999999993
4,19.933,0.13710940849916178,0.10000000000000142,0.8000000000000007
5,19.972,0.08537498983243798,0.0,0.6000000000000014
6,19.325,0.23756976646743985,0.3000000000000007,1.2999999999999972
