subset_index,mean_metric,std_metric,iqr,range_metric
0,0.4135917441144833,0.03374616037178329,0.0412182573224768,0.14881465456642268
