subset_index,mean_metric,std_metric,iqr,range_metric
0,0.9363559328317642,0.000819547149650514,0.0010016992688179904,0.004918837547302268
