subset_index,mean_metric,std_metric,iqr,range_metric
0,14.765,0.6186291459364164,0.7249999999999996,2.9999999999999982
