subset_index,mean_metric,std_metric,iqr,range_metric
0,0.5709022042819278,0.024798013775557546,0.03573657721270074,0.1155177071677207
