subset_index,mean_metric,std_metric,iqr,range_metric
0,0.8898472394347191,0.003291225046951564,0.003894299268722645,0.018410146236419678
