subset_index,mean_metric,std_metric,iqr,range_metric
0,0.5736034359728871,0.029242141110211978,0.03767468424095688,0.156137343939673
1,0.47380344459436985,0.03454106847902961,0.034595287446858025,0.21564039066088425
2,0.5749820043100933,0.034163410642629934,0.03761994242713007,0.16804863654212604
3,0.5895352978287306,0.03565039959585738,0.05057905390755113,0.1679261542847731
4,0.4952347083493395,0.03173271179394269,0.03493166090834188,0.16951209604592932
5,0.5530239276849787,0.035251009246161175,0.05141761349323459,0.14404378533265472
6,0.5629020590941777,0.038532395823453705,0.060288970912718565,0.17783486693615047
