subset_index,mean_metric,std_metric,iqr,range_metric
0,19.971,0.07425726505966589,0.0,0.3999999999999986
1,19.548,0.26188130552183037,0.3000000000000007,1.0
2,20.0,0.0,0.0,0.0
3,19.906,0.16194524576616334,0.125,0.6000000000000014
4,19.992,0.061430752671095636,0.0,0.6000000000000014
5,19.995,0.0358870281282636,0.0,0.3000000000000007
6,19.969,0.09067090007942002,0.0,0.6000000000000014
