subset_index,mean_metric,std_metric,iqr,range_metric
0,0.9255923631787301,0.004035978203766389,0.005519659817218803,0.018959748744964644
1,0.941235635459423,0.004521829540264204,0.004094694554805822,0.03567142486572261
2,0.9316961297392845,0.003640958278999877,0.0044481828808784485,0.01831562519073482
3,0.9379156288504601,0.004410100994715031,0.004520051181316376,0.01940039992332454
4,0.9306563146114349,0.0028269938084272803,0.0036037594079970647,0.013504099845886186
5,0.9158581000566482,0.003777966169843818,0.0051494985818862915,0.02201104164123535
6,0.936133860528469,0.002757846593447285,0.0038694247603415777,0.012040925025939897
