subset_index,mean_total,std_total,iqr_total,range_total
0,199.71,0.7425726505966584,0.0,4
1,195.48,2.6188130552183018,3.0,10
2,200.0,0.0,0.0,0
3,199.06,1.6194524576616205,1.25,6
4,199.92,0.6143075267109606,0.0,6
5,199.95,0.3588702812826346,0.0,3
6,199.69,0.9067090007942011,0.0,6
