subset_index,mean_metric,std_metric,iqr,range_metric
0,0.7672640615434827,0.011647420830001578,0.013562035560530483,0.06697483658820258
