subset_index,mean_metric,std_metric,iqr,range_metric
0,0.9231271614432335,0.0008794585981976707,0.0010532215237616382,0.0035945057868957964
