subset_index,mean_metric,std_metric,iqr,range_metric
0,0.6553399859589316,0.02905706558147031,0.036218602210844386,0.1376710938305563
