subset_index,mean_metric,std_metric,iqr,range_metric
0,0.936239173591137,0.002171466590666022,0.0024319589138031006,0.012029099464416548
