subset_index,mean_metric,std_metric,iqr,range_metric
0,8.477,0.929521979896716,1.3250000000000002,4.5
1,6.688,0.6703353600620326,0.7999999999999998,3.8000000000000007
2,7.148,0.9457485945220345,1.3250000000000002,4.0
3,6.456,0.7235323005222297,0.9249999999999998,3.5
4,6.414,0.7230714509869157,1.0250000000000004,3.5
5,7.795,0.8345294446209754,1.0250000000000004,4.499999999999999
6,6.867000000000001,0.8145216108523177,0.8999999999999995,4.1000000000000005
