subset_index,mean_metric,std_metric,iqr,range_metric
0,0.6247259721698746,0.028832573714945325,0.04192508347532653,0.14050580561155346
1,0.5868365828444391,0.04187702987437542,0.044614660895497926,0.23172212994942382
2,0.6423779956748987,0.03453634495420176,0.05653875950086662,0.18001366555572773
3,0.5899905266789256,0.049503834745264264,0.07419819521909732,0.24014757982999346
4,0.6426830936416907,0.025986771293868585,0.03480038223694981,0.11405451558256641
5,0.638040013436331,0.03169876144210489,0.04253935962853139,0.1421321388297444
6,0.611819563256719,0.030567760877722477,0.04297593347842121,0.15594336278843535
