subset_index,mean_total,std_total,iqr_total,range_total
0,161.89,3.6951920713874173,4.0,18
1,173.31,4.268027718520652,5.0,24
2,163.99,3.5003463032140454,4.0,19
3,173.79,4.965120768161053,6.25,28
4,167.36,5.254185440814267,9.0,24
5,139.73,5.5738476636680545,7.0,24
6,145.08,6.23395718803251,9.0,30
7,172.19,3.5694976020881652,3.25,21
8,174.61,5.564851818114811,6.0,28
9,160.38,3.252908566408551,4.0,14
