subset_index,mean_metric,std_metric,iqr,range_metric
0,0.7139136361336981,0.01931577790436246,0.020471097527476112,0.11685395445883018
