subset_index,mean_metric,std_metric,iqr,range_metric
0,0.8994728422760963,0.001128990979939575,0.0015666037797927856,0.005579531192779541
