subset_index,mean_total,std_total,iqr_total,range_total
0,151.11,6.895899821157086,9.25,36
1,163.54,6.720119046564576,9.25,32
