subset_index,mean_metric,std_metric,iqr,range_metric
0,0.8958099513649941,0.0022669652272754004,0.0030663043260573675,0.01210216879844661
1,0.8931146863698959,0.0014826556041958932,0.0019266426563262495,0.007946556806564309
