subset_index,mean_metric,std_metric,iqr,range_metric
0,0.26787767049246364,0.04382168316058655,0.05869116988931719,0.21811198679481333
1,0.45615668345357024,0.03724230599738689,0.05628433680273437,0.16898362486648066
