subset_index,mean_metric,std_metric,iqr,range_metric
0,15.110999999999999,0.6895899821157087,0.9250000000000007,3.6000000000000014
1,16.354,0.6720119046564575,0.9249999999999989,3.200000000000001
