subset_index,mean_metric,std_metric,iqr,range_metric
0,0.9076177914142609,0.002246271007243839,0.0034596890211104903,0.010397464036941528
1,0.9091361281871795,0.0026685032867590944,0.0033179208636283652,0.015215808153152488
2,0.9123775594234467,0.0027056291817405083,0.003740972280502297,0.014068555831909246
3,0.9120005338788033,0.0021098934809986257,0.0025031313300132307,0.009991854429244995
4,0.9075870780944824,0.0025990048297650278,0.003856615722179435,0.013179636001586892
5,0.912051802277565,0.002336293305239857,0.0030582845211029053,0.010559773445129372
6,0.9051609765887261,0.0026991098687814525,0.0036419689655303733,0.013302618265151889
