subset_index,mean_metric,std_metric,iqr,range_metric
0,6.218,0.4780811815598017,0.625,2.6000000000000005
1,7.942,0.4492822558865925,0.4999999999999991,2.1000000000000005
2,4.422,0.48960507688659793,0.625,2.6
3,7.656000000000001,0.6405994667244711,0.8999999999999995,3.1000000000000005
4,6.307,0.4461405766587636,0.5999999999999996,2.5
5,7.327999999999999,0.5713849911231551,0.7000000000000002,2.5
6,7.337999999999999,0.4806939428229429,0.5250000000000004,2.6000000000000005
