subset_index,mean_metric,std_metric,iqr,range_metric
0,0.23293674175440338,0.03185827908071031,0.0457092062136108,0.14905853323972462
1,0.4120144912259302,0.040455327564206486,0.05671764817633507,0.21091968789665866
2,0.3884596482468824,0.03275256658833267,0.05075178829707838,0.1546455970105194
3,0.30941317142098457,0.041929887898238566,0.05117968768568376,0.20733142885524583
4,0.3149615866634192,0.042884420108197735,0.05013233539362799,0.20648991501568012
5,0.3310571318969591,0.03557247615461213,0.05386068103004549,0.18309499330855655
6,0.25791015549244123,0.02519998898977628,0.03764983532873753,0.11253975334030158
