subset_index,mean_total,std_total,iqr_total,range_total
0,62.18,4.780811815598018,6.25,26
1,79.42,4.492822558865924,5.0,21
2,44.22,4.896050768865977,6.25,26
3,76.56,6.40599466724471,9.0,31
4,63.07,4.461405766587637,6.0,25
5,73.28,5.71384991123155,7.0,25
6,73.38,4.8069394282294295,5.25,26
