subset_index,mean_metric,std_metric,iqr,range_metric
0,0.9091711449027062,0.0023127225730040653,0.0026733830571173955,0.012083274126052923
1,0.908343629360199,0.0019525562327366906,0.0028478622436522993,0.00901612639427185
2,0.9007826653718948,0.0013451227105907922,0.0020727992057799627,0.006442081928253129
3,0.9088305050134659,0.002161379259729865,0.002656547725200742,0.010019838809967041
4,0.9054357087016106,0.0016264317051286233,0.002127955853939101,0.00737651586532595
5,0.8992014906406403,0.0028826734693240606,0.0034268707036971824,0.01718583106994631
6,0.8946053220033646,0.0027655158938913855,0.0032859280705451743,0.018132138252258234
