subset_index,mean_metric,std_metric,iqr,range_metric
0,0.34313706463238325,0.04256925729659811,0.06542622168176981,0.1775097188563618
1,0.38501964480363066,0.0392772374862608,0.05116501634737897,0.19746980927466962
2,0.5309435501407763,0.04304793249826671,0.04719042517058902,0.2258151045036102
3,0.31349125538936234,0.04522069633548454,0.0713565798113811,0.2229316166413119
4,0.3892847516029455,0.04237953271357498,0.052442601701639835,0.2193970015501827
5,0.5718018048626444,0.03875383133089639,0.05695651457135287,0.17943998731264638
6,0.3345938462899405,0.03364968389036915,0.0426827285089012,0.15926078910189334
