subset_index,mean_metric,std_metric,iqr,range_metric
0,9.85,0.6871842709362768,0.6999999999999993,3.3000000000000007
1,6.381,0.5716704214029888,0.7000000000000002,3.1999999999999993
2,8.071,0.7574938743626711,1.1999999999999993,3.5
3,6.445,0.6278671608845074,0.8250000000000011,2.5999999999999996
4,8.326,0.8049869815121482,1.0000000000000009,4.300000000000001
5,9.492,0.7978101341177674,1.0999999999999996,4.299999999999999
6,8.306000000000001,0.6253596944757048,0.9249999999999998,2.8000000000000007
