subset_index,mean_total,std_total,iqr_total,range_total
0,98.5,6.871842709362766,7.0,33
1,63.81,5.7167042140298845,7.0,32
2,80.71,7.574938743626706,12.0,35
3,64.45,6.278671608845074,8.25,26
4,83.26,8.049869815121484,10.0,43
5,94.92,7.978101341177675,11.0,43
6,83.06,6.25359694475705,9.25,28
