subset_index,mean_metric,std_metric,iqr,range_metric
0,0.5003597521738805,0.028973993511116368,0.04194867424830068,0.14637271835857601
