subset_index,mean_metric,std_metric,iqr,range_metric
0,0.8699946668148041,0.004826704547464615,0.006451719999313377,0.02588602900505066
