subset_index,mean_metric,std_metric,iqr,range_metric
0,0.1680262304685877,0.02942952943006337,0.04072047587144681,0.13420009504460534
1,0.24908712209230438,0.0267029261109829,0.038632221838006325,0.11914151466955072
2,0.12827431422420088,0.022502316288783897,0.03090273047810184,0.11624155956688206
3,0.13633877951489906,0.025615534743663786,0.03330204221810318,0.12823176279697723
4,0.23270262327634444,0.03414018630520016,0.04198839167195201,0.1721555791776783
5,0.1602836868444109,0.026728609327330535,0.03860243847740891,0.1308833185615206
6,0.2923043295739412,0.035586356046519205,0.044747172666466106,0.18597711025729968
