subset_index,mean_metric,std_metric,iqr,range_metric
0,0.9013918764591218,0.0022082587351206747,0.00321987420320502,0.010682851076126099
1,0.8694536211490632,0.005136257321363034,0.006309613585472107,0.030085164308547907
2,0.894237505376339,0.0029705391355229704,0.003567764163017295,0.015226274728775024
3,0.8874989848732949,0.0031283293366916225,0.0038349568843840665,0.02041786313056948
4,0.8852447521090508,0.0036763875665079618,0.003850895166397139,0.01943476796150212
5,0.8851560572385787,0.0028070271700871828,0.0036452800035476907,0.013544130325317316
6,0.8866819920539857,0.009820714820414564,0.010158227384090335,0.08009312152862547
