subset_index,mean_total,std_total,iqr_total,range_total
0,132.35,8.582781682772865,11.0,42
1,161.72,5.910237650967101,7.25,31
2,130.22,7.220313656132211,11.25,35
3,151.52,6.4455450122585045,8.0,30
4,183.88,5.365960804323429,7.25,24
5,156.94,4.002070171369518,6.0,21
6,155.05,7.218627699125772,11.0,37
