subset_index,mean_metric,std_metric,iqr,range_metric
0,13.235,0.8582781682772864,1.1000000000000014,4.199999999999999
1,16.172,0.5910237650967098,0.7249999999999979,3.0999999999999996
2,13.022,0.7220313656132201,1.125,3.5
3,15.152000000000001,0.6445545012258506,0.7999999999999989,3.0
4,18.387999999999998,0.5365960804323427,0.7249999999999979,2.3999999999999986
5,15.694,0.4002070171369521,0.5999999999999996,2.0999999999999996
6,15.505,0.7218627699125773,1.0999999999999996,3.6999999999999993
