subset_index,mean_metric,std_metric,iqr,range_metric
0,0.41320074656900707,0.026761130227267248,0.03735469276798464,0.11539112804535101
