subset_index,mean_metric,std_metric,iqr,range_metric
0,0.8907610360980034,0.005413829106840954,0.006294494867324696,0.028994655609130837
