subset_index,mean_metric,std_metric,iqr,range_metric
0,14.440999999999999,0.6672868327576362,0.8250000000000011,3.4000000000000004
