subset_index,mean_metric,std_metric,iqr,range_metric
0,0.9431736599206925,0.010545351685893713,0.01519763618707659,0.040448516607284546
1,0.9441446107625961,0.010831645724157547,0.01570238023996351,0.044405663013458274
2,0.9443195013999939,0.011994740439053301,0.020533785223960876,0.04866926670074467
3,0.9412960722446442,0.011676710703153782,0.02074533402919765,0.04691183567047119
4,0.9389396586418153,0.012479910435130888,0.01840238124132154,0.046549093723297075
5,0.9407020245790482,0.010701614358349909,0.01903341412544246,0.03957675695419305
6,0.9399291599988938,0.0167512607348402,0.03333831280469901,0.052280265092849776
