subset_index,mean_metric,std_metric,iqr,range_metric
0,0.8427092987899891,0.01286664201736782,0.01781387329075723,0.055180448293454254
1,0.8483659297828128,0.013132986950050957,0.01607581675040337,0.0579302966593781
2,0.8484771238569842,0.01447172684283641,0.018558016419454093,0.06158990263937891
3,0.842824750543114,0.011835566761359866,0.016746847331785997,0.06151190400113882
4,0.8384564674501912,0.01891427593493775,0.02471120357526957,0.07160342931783037
5,0.8455120102172002,0.010576794819303532,0.016867257654619383,0.04443244338033958
6,0.8419643052225045,0.019865058233667156,0.037751801312108646,0.07267030477511616
