subset_index,mean_metric,std_metric,iqr,range_metric
0,0.486,0.14840566843703248,0.19999999999999996,0.8
1,0.435,0.24469110603725946,0.2,1.4000000000000001
2,0.391,0.2640381821179687,0.3,1.2999999999999998
3,0.42200000000000004,0.1360184182418326,0.2,0.7
4,0.637,0.4760220264829872,0.39999999999999997,2.1999999999999997
5,0.375,0.13880805728658827,0.10000000000000003,0.7
6,0.484,0.3064030487492385,0.3,1.7999999999999998
