subset_index,mean_metric,std_metric,iqr,range_metric
0,0.9083789242506027,0.002001509751286084,0.0023319691419602107,0.010294896364211992
1,0.9077447353601455,0.0018951792108762306,0.0025141209363938044,0.010294950008392423
2,0.907213131070137,0.0024536748369404188,0.0025549545884132607,0.014646297693252541
3,0.9077288162112237,0.0018202105818213854,0.0029739975929260476,0.008885401487350397
4,0.9072309241890908,0.0019137267614047226,0.002351833879947529,0.010463380813598655
5,0.9072583027482033,0.0014793798994682127,0.0021253585815429465,0.0061491608619690385
6,0.9082636754512786,0.0017344333716682123,0.0024848580360412598,0.008127391338348389
