subset_index,mean_metric,std_metric,iqr,range_metric
0,6.861000000000001,0.7762764008425418,1.0,3.4000000000000004
1,6.439,0.7477771774203242,0.9000000000000004,4.0
2,7.532,0.6469633808505826,0.9000000000000004,2.999999999999999
3,6.459,0.748074295451429,1.2249999999999996,3.3999999999999995
4,6.739,0.7837871026128349,1.0,4.1
5,7.265,1.0267507836457548,1.4000000000000004,5.200000000000001
6,6.728,0.9528352163385597,1.1500000000000004,5.5
