subset_index,mean_metric,std_metric,iqr,range_metric
0,0.9079658657908439,0.0021264343136345914,0.0031265795230865923,0.009957259893417447
1,0.9086642399430275,0.002138264577355431,0.0033913999795913696,0.010841655731201105
2,0.9081257311701775,0.0018603659662706868,0.002544356882572152,0.009673613309860163
3,0.9095418899059295,0.0023706145662682706,0.0033569633960723877,0.012033617496490456
4,0.9089637140631676,0.0019553238872817105,0.002585324645042464,0.00953595638275151
5,0.9085139793753624,0.0018936345200867215,0.0026585876941680464,0.008682227134704568
6,0.9088344977498055,0.0022797690973215923,0.0025110512971877608,0.0100932598114013
