subset_index,mean_total,std_total,iqr_total,range_total
0,68.61,7.76276400842542,10.0,34
1,64.39,7.477771774203243,9.0,40
2,75.32,6.4696338085058285,9.0,30
3,64.59,7.480742954514289,12.25,34
4,67.39,7.837871026128346,10.0,41
5,72.65,10.267507836457549,14.0,52
6,67.28,9.528352163385593,11.5,55
