subset_index,mean_metric,std_metric,iqr,range_metric
0,0.9145887644290924,0.0028531619161799955,0.003365115821361564,0.015940421819686912
