subset_index,mean_metric,std_metric,iqr,range_metric
0,2.439,0.4576830097062129,0.5249999999999999,2.3
