subset_index,mean_metric,std_metric,iqr,range_metric
0,0.9245862509012223,0.0028685702845151232,0.004510936141014055,0.012197905778884799
