subset_index,mean_metric,std_metric,iqr,range_metric
0,0.7116690593288277,0.024406929104454914,0.02956231679813548,0.13985318541404013
