subset_index,mean_metric,std_metric,iqr,range_metric
0,0.8530229740142822,0.004246868630788549,0.005154654383659474,0.023220676183700495
