subset_index,mean_metric,std_metric,iqr,range_metric
0,18.098,0.5672866483658341,0.9000000000000021,2.400000000000002
