subset_index,mean_metric,std_metric,iqr,range_metric
0,0.422922059945923,0.03209408565135987,0.047014892474128545,0.12925439626298313
