subset_index,mean_metric,std_metric,iqr,range_metric
0,4.236000000000001,0.5259949686743277,0.6250000000000004,2.3
