subset_index,mean_metric,std_metric,iqr,range_metric
0,0.7700466455585874,0.016336629240903663,0.011049419641856462,0.10260487198538637
