subset_index,mean_metric,std_metric,iqr,range_metric
0,0.9074359560012817,0.0020436903970946093,0.0029495343565940635,0.009054374694824174
