subset_index,mean_metric,std_metric,iqr,range_metric
0,0.9306279724836349,0.0027204656895332678,0.0038281202316283736,0.012746036052703857
