subset_index,mean_metric,std_metric,iqr,range_metric
0,0.7696245484683274,0.01870319069444782,0.011794091016611441,0.11381269149031781
