subset_index,mean_metric,std_metric,iqr,range_metric
0,2.502,0.38031884549996237,0.42500000000000027,2.0999999999999996
