subset_index,mean_metric,std_metric,iqr,range_metric
0,0.6266679420209136,0.04709111599671805,0.06594083421321595,0.18289567371232396
1,0.6136641861069678,0.049204305290579516,0.07022106274787654,0.22653438151367156
2,0.5451196744571526,0.03050365792774753,0.04244322213274543,0.14424498379158612
3,0.6521199378417235,0.03687008708985349,0.05425839497988738,0.1548366435978774
4,0.6033849051304484,0.030956681068775003,0.03576204999813826,0.15071248635619094
5,0.5349084545335581,0.03256545649951291,0.04629745891691228,0.14994487986856642
6,0.7987002354902026,0.019173908800286174,0.024477112290553826,0.08507233261611558
