subset_index,mean_metric,std_metric,iqr,range_metric
0,0.921079393684864,0.0030875826535641257,0.0039066895842551075,0.014783418178558438
1,0.9175955960750579,0.0029368071243751543,0.0038208648562431113,0.014407378435134843
2,0.9174688604474067,0.0034702094553390383,0.0054980069398878895,0.014251875877380416
3,0.9210771942734718,0.003071611771065779,0.003760993480682484,0.017303621768951505
4,0.916369614303112,0.003415793673479625,0.004725451767444655,0.015711575746536255
5,0.9181011599898338,0.0029845668020664954,0.003768117725849174,0.015454196929931663
6,0.9238869879245758,0.0036306646889639467,0.005060736835003077,0.01887715458869932
