subset_index,mean_metric,std_metric,iqr,range_metric
0,2.376,0.459714448040709,0.4249999999999998,2.9
1,3.077,0.4382829214011416,0.5249999999999999,2.3
2,2.271,0.39804953754957983,0.6000000000000001,2.3
3,2.9419999999999997,0.4690803381472769,0.6000000000000001,2.1999999999999997
4,2.593,0.4053318879559557,0.5,2.0
5,3.2310000000000003,0.46464823231986985,0.7000000000000002,2.4000000000000004
6,1.145,0.3373620181839255,0.4,1.6
