subset_index,mean_total,std_total,iqr_total,range_total
0,23.76,4.59714448040709,4.25,29
1,30.77,4.382829214011416,5.25,23
2,22.71,3.9804953754957975,6.0,23
3,29.42,4.69080338147277,6.0,22
4,25.93,4.053318879559557,5.0,20
5,32.31,4.6464823231987,7.0,24
6,11.45,3.373620181839256,4.0,16
