subset_index,mean_metric,std_metric,iqr,range_metric
0,0.885299048423767,0.005189436355026991,0.005672258138656572,0.023961222171783536
