subset_index,mean_metric,std_metric,iqr,range_metric
0,19.95,0.12185435916898855,0.0,0.6000000000000014
