subset_index,mean_metric,std_metric,iqr,range_metric
0,0.5004753306250512,0.02811277632058418,0.03364717792489719,0.14376241862491107
