subset_index,mean_total,std_total,iqr_total,range_total
0,150.65,6.902458938229143,8.5,35
1,162.18,6.1911960953364344,9.0,30
