subset_index,mean_metric,std_metric,iqr,range_metric
0,15.065,0.6902458938229143,0.8500000000000014,3.4999999999999982
1,16.218,0.6191196095336425,0.8999999999999986,3.0
