subset_index,mean_metric,std_metric,iqr,range_metric
0,0.8966914491057396,0.0022661550629515426,0.0026724576950074574,0.013229900598526023
1,0.892938447356224,0.0016379825419499338,0.002118958532810189,0.00891959071159365
