subset_index,mean_metric,std_metric,iqr,range_metric
0,3.8789999999999996,0.3747847867291793,0.6000000000000001,1.7000000000000002
1,2.7939999999999996,0.2984200821904342,0.3999999999999999,1.6
2,4.056,0.377477004450455,0.5,1.7999999999999998
3,4.256,0.5207453865141367,0.7249999999999996,2.5999999999999996
4,3.455,0.3412321701413774,0.5,1.5
5,5.376,0.3918668089537514,0.6000000000000005,1.7999999999999998
6,4.021,0.4038439042376386,0.5999999999999996,1.7999999999999998
