subset_index,mean_total,std_total,iqr_total,range_total
0,38.79,3.74784786729179,6.0,17
1,27.94,2.9842008219043414,4.0,16
2,40.56,3.7747700445045496,5.0,18
3,42.56,5.207453865141368,7.25,26
4,34.55,3.4123217014137746,5.0,15
5,53.76,3.918668089537515,6.0,18
6,40.21,4.038439042376385,6.0,18
