subset_index,mean_metric,std_metric,iqr,range_metric
0,0.4018667776617512,0.03650918408412332,0.046157871855307064,0.1715584330363492
1,0.3964718596508516,0.04492552872732329,0.055170523226906965,0.21951041823597106
2,0.3862346672495778,0.03710935540055331,0.04938201331035774,0.14802089716552608
3,0.39899986089074024,0.05626860456207399,0.0795745184724963,0.24904623776281026
4,0.3855949391213283,0.038503690189953324,0.052280479295234994,0.16741649905709138
5,0.35240960516129044,0.03297487082031886,0.04249124891868439,0.14675328169951585
6,0.30777822685097084,0.03927870564911002,0.04818712218988008,0.21779154641574333
