subset_index,mean_metric,std_metric,iqr,range_metric
0,0.9161912416815758,0.003236536767641699,0.005055850744247525,0.015607136487960749
1,0.9154745253920555,0.0033912336649797787,0.0039720848202704495,0.016174960136413508
2,0.9138063377141953,0.002943438547818748,0.003571650385856606,0.014656049013137884
3,0.9119317671060563,0.0030757173835581257,0.004080405831336953,0.014829528331756547
4,0.9147874787449837,0.0027358174341990797,0.00416159182786946,0.011666953563690186
5,0.9116834979057312,0.0027988772964719004,0.003668431937694505,0.013744014501571589
6,0.9130221595168113,0.0027206754250311293,0.004133212566375666,0.012052321434021018
