subset_index,mean_metric,std_metric,iqr,range_metric
0,0.9642697518467904,0.0005036064221643297,0.0006075173616408858,0.0023661196231842263
