subset_index,mean_metric,std_metric,iqr,range_metric
0,17.256,0.754156160984922,0.9250000000000007,4.1
