subset_index,mean_metric,std_metric,iqr,range_metric
0,16.715999999999998,0.6096397346471161,0.6000000000000014,3.1999999999999993
