subset_index,mean_metric,std_metric,iqr,range_metric
0,0.957736142396927,0.0010399881613780192,0.001402534544467926,0.005356550216674805
