subset_index,mean_metric,std_metric,iqr,range_metric
0,2.319,0.477090297024737,0.5249999999999999,2.5999999999999996
1,1.805,0.5207560548729785,0.6000000000000001,2.4000000000000004
2,2.4619999999999997,0.4232581656004699,0.5,2.3
3,2.6060000000000003,0.48509501308215053,0.625,2.6
4,2.733,0.45661357798028707,0.625,2.3999999999999995
5,2.722,0.41913330489562295,0.6000000000000001,1.8
6,2.7060000000000004,0.47922917905800155,0.625,2.2
