subset_index,mean_metric,std_metric,iqr,range_metric
0,0.7725157450444813,0.014755296023109099,0.017873039841795557,0.08365125656095773
1,0.7993181120163783,0.017012647956780112,0.02270949035897063,0.07660158276560858
2,0.7569977061755623,0.01776188418574583,0.021254727244326754,0.07787146568298331
3,0.7498803428120681,0.015667386880158063,0.015865556895699795,0.09410398006451526
4,0.7457666399336736,0.020879034712760137,0.029835821688201314,0.0950478315354486
5,0.7231940981454796,0.013515723575274911,0.018442452698965717,0.05972269475417402
6,0.7284232395596425,0.01649818108313963,0.020020681619638547,0.0918750822544604
