subset_index,mean_total,std_total,iqr_total,range_total
0,23.19,4.770902970247367,5.25,26
1,18.05,5.207560548729786,6.0,24
2,24.62,4.2325816560047,5.0,23
3,26.06,4.850950130821503,6.25,26
4,27.33,4.566135779802869,6.25,24
5,27.22,4.19133304895623,6.0,18
6,27.06,4.792291790580014,6.25,22
