subset_index,mean_metric,std_metric,iqr,range_metric
0,0.9729751244187355,0.0006679763311042519,0.0008714288473129495,0.0030719280242919034
1,0.9728586753606797,0.0006464334513198842,0.0009916737675667031,0.002757495641708352
2,0.972828244626522,0.0006460978656647701,0.0008278533816338252,0.002937740087509133
3,0.9725102468132972,0.0006271238004118605,0.0008454203605651189,0.0034571647644042747
4,0.972651551604271,0.0007439661010511153,0.00084715336561203,0.003889745473861672
5,0.9726205150485039,0.0005716245641329782,0.0007638871669768399,0.0028978109359741877
6,0.9726323757767678,0.0006600301916394948,0.0008842661976814492,0.0029646813869476096
