subset_index,mean_total,std_total,iqr_total,range_total
0,200.0,0.0,0.0,0
1,199.96,0.28141058827257837,0.0,2
2,200.0,0.0,0.0,0
3,195.63,2.623341226741041,4.25,10
4,200.0,0.0,0.0,0
5,198.1,2.3462844041271915,3.0,10
6,191.64,2.709951730905623,2.0,14
