subset_index,mean_metric,std_metric,iqr,range_metric
0,20.0,0.0,0.0,0.0
1,19.996,0.02814105882725773,0.0,0.1999999999999993
2,20.0,0.0,0.0,0.0
3,19.563,0.26233412267410383,0.4250000000000007,1.0
4,20.0,0.0,0.0,0.0
5,19.81,0.23462844041271957,0.3000000000000007,1.0
6,19.164,0.27099517309056137,0.1999999999999993,1.4000000000000021
