subset_index,mean_metric,std_metric,iqr,range_metric
0,0.446361087031965,0.043162241318426046,0.060927893961560675,0.19338969400999861
1,0.4140041657270737,0.05939848761414854,0.0908480218649409,0.25566163126389185
2,0.5341334364436058,0.04972138948360454,0.057805293125942014,0.2504112124436911
3,0.5766898077696102,0.037335643470079005,0.057501860964404905,0.1629610337548239
4,0.49058644259573825,0.035049832293207274,0.0376060610676584,0.17872380613497874
5,0.3880637932174475,0.02814506378819623,0.03153314780415151,0.14706749793562612
6,0.6833061266711985,0.040997224641168645,0.052497195255968965,0.17616091201843498
