subset_index,mean_metric,std_metric,iqr,range_metric
0,0.9257474041581153,0.0013656142158675578,0.0012334898114204629,0.011425352096557595
1,0.9410763210058213,0.0014641435173240963,0.001786702871322654,0.008443230390548728
2,0.9438335126042366,0.0009485700805700516,0.0011479198932647927,0.005788004398345925
3,0.9420280326604843,0.0009553799566313579,0.0011029273271561113,0.005048972368240423
4,0.9325566009879113,0.001924822513559755,0.00245651453733442,0.010102337598800637
5,0.942139791727066,0.0015095162858436368,0.0017659872770310336,0.00905713438987732
6,0.9276480749845504,0.000838165780813167,0.0007676228880882929,0.004597735404968328
