subset_index,mean_metric,std_metric,iqr,range_metric
0,2.314,0.38218404789400423,0.6000000000000001,1.9
1,2.2070000000000003,0.3998118244243095,0.6000000000000001,2.2
2,1.5,0.42402591878089224,0.5250000000000001,1.9000000000000001
3,2.251,0.4323987590970711,0.7000000000000002,1.9999999999999998
4,2.0469999999999997,0.34712527939630033,0.4999999999999998,1.8
5,1.7990000000000002,0.5105938313435257,0.7000000000000002,2.7
6,1.797,0.3836178127546038,0.6000000000000001,1.6999999999999997
7,2.331,0.6382892223068876,0.7000000000000002,3.0999999999999996
