subset_index,mean_total,std_total,iqr_total,range_total
0,23.14,3.8218404789400418,6.0,19
1,22.07,3.998118244243096,6.0,22
2,15.0,4.240259187808923,5.25,19
3,22.51,4.3239875909707095,7.0,20
4,20.47,3.4712527939630036,5.0,18
5,17.99,5.105938313435255,7.0,27
6,17.97,3.8361781275460367,6.0,17
7,23.31,6.382892223068875,7.0,31
