subset_index,mean_metric,std_metric,iqr,range_metric
0,4.102,0.17579832338520912,0.20000000000000018,0.9000000000000004
