subset_index,mean_metric,std_metric,iqr,range_metric
0,0.9295242957472801,0.0028203239729900397,0.0038145333528518677,0.01267115473747249
