subset_index,mean_metric,std_metric,iqr,range_metric
0,0.8172376756711399,0.011898895228794167,0.008304361999821874,0.06996750236569083
